기준년월,내판매순위,코드,명,매장코드,매장명,판매상품SEQ,판매상품명
202010,1,S000001,서울만남(부산),25,말죽거리한식당,1100001910,말죽거리소고기국밥
202010,2,S000001,서울만남(부산),98,탐앤탐스,1100023859,아이스카페아메리카노 
202010,3,S000001,서울만남(부산),7,호도과자,1100026712,소떡소떡(신)
202010,4,S000001,서울만남(부산),98,탐앤탐스,1100023881,카페아메리카노 
202010,5,S000001,서울만남(부산),7,호도과자,1100031216,매직핫도그(4500)
202010,1,S000003,죽전(서울),7,호도과자코너,1100029858,호도호두과자(5000)
202010,2,S000003,죽전(서울),2,자율식당,1100033477,단배추바지락된장국(표준레시피)
202010,3,S000003,죽전(서울),72,달달구리(청년창업),1100030867,달달구리꽈배기
202010,4,S000003,죽전(서울),8,간식코너,1100029685,소떡소떡
202010,5,S000003,죽전(서울),2,자율식당,1100021849,공기밥(자율) 
202010,1,S000005,기흥(부산),15,던킨도너츠,1100015242,던킨빵음료 3700
202010,2,S000005,기흥(부산),13,델리쉐프,1100003968,저가떡볶이
202010,3,S000005,기흥(부산),94,네파,1300000166,의류(전문매장)
202010,4,S000005,기흥(부산),2,한식당,1100033409,소고기국밥(표준레시피)
202010,5,S000005,기흥(부산),15,던킨도너츠,1300012813,던킨)먼치킨(4000)
202010,1,S000007,안성(서울),5,1.안성한우국밥곰탕,1100001942,11.자연마춤한우국밥10.0
202010,2,S000007,안성(서울),157,6.핫바(신),1100020736,1.소떡소떡3.5(옥두식품/핫바)
202010,3,S000007,안성(서울),162,6.호두과자(신),1100018904,호두과자5.0(봉투)
202010,4,S000007,안성(서울),162,6.호두과자(신),1100017574,호두과자10.0
202010,5,S000007,안성(서울),153,5.할리스커피(신),1100017900,할리I 4.1
202010,1,S000009,안성(부산),72,1.안성국밥/비빔밥,1100023467,1.안성국밥
202010,2,S000009,안성(부산),61,5.열린매장 A,1100026712,소떡소떡(신)
202010,3,S000009,안성(부산),58,2.소머리국밥,1100027561,소머리국밥
202010,4,S000009,안성(부산),92,7.마노,1100017337,멘보샤
202010,5,S000009,안성(부산),63,5.열린매장 B,1100026712,소떡소떡(신)
202010,1,S000011,입장거봉포도(서울),50,탐앤탐스(커피),1100023859,아이스카페아메리카노.[4100]-탐탐-엘로우
202010,2,S000011,입장거봉포도(서울),134,호두과자(18년직영),1100006284,호두과자10000(케이스)-케이알
202010,3,S000011,입장거봉포도(서울),134,호두과자(18년직영),1100006261,호두과자5000-케이알
202010,4,S000011,입장거봉포도(서울),50,탐앤탐스(커피),1100023881,카페아메리카노.[4100]-탐탐-엘로우
202010,5,S000011,입장거봉포도(서울),64,신토불이(군밤),1100011425,군밤/군고구마[5000]-신토불이
202010,1,S000013,망향(부산),12,501_호두과자,1100006235,호도과자 
202010,2,S000013,망향(부산),12,501_호두과자,1100006220,3000호도과자 
202010,3,S000013,망향(부산),12,501_호두과자,1100006284,10000호두과자 
202010,4,S000013,망향(부산),80,P01_커피니,1100024586,아이스아메리카노(커피니) 
202010,5,S000013,망향(부산),65,G_01벤제프,1300008596,의류(전문매장) 동광의류(100000)
202010,1,S000015,천안삼거리(서울),8,350_호두과자1,1100006289,명품호두과자(10000)
202010,2,S000015,천안삼거리(서울),8,350_호두과자1,1100021753,명품호두과자5000(간식용) 
202010,3,S000015,천안삼거리(서울),8,350_호두과자1,1100006291,명품호두과자(3000)
202010,4,S000015,천안삼거리(서울),4,120_한식당,1100033402,돌솥비빔밥(표준레시피)
202010,5,S000015,천안삼거리(서울),64,450_오징어(직영),1100028770,떡햄바
202010,1,S000017,천안호두(부산),20,호도과자코너,1100021242,호두과자(5000) 
202010,2,S000017,천안호두(부산),20,호도과자코너,1100021243,호두과자(10000) 
202010,3,S000017,천안호두(부산),20,호도과자코너,1100021240,호두과자(2000) 
202010,4,S000017,천안호두(부산),4,5.한식,1100019231,우거지사골국밥 
202010,5,S000017,천안호두(부산),65,탐앤탐스,1100023859,아이스아메리카노아이스티(복숭아레몬)
202010,1,S000021,옥산(부산),2,식당(일반),1100032573,묵은지꽁치찌개
202010,2,S000021,옥산(부산),54,의류매장,1300000816,클라이머홀릭100000
202010,3,S000021,옥산(부산),136,놀부부대찌개,1100024200,놀부부대찌개
202010,4,S000021,옥산(부산),2,식당(일반),1100033357,소고기국밥 소고기국밥(8000)(표준레시피)
202010,5,S000021,옥산(부산),5,스낵(라면),1100004232,(실속)신(辛)라면 
202010,1,S000024,죽암(서울),42,120_한식당(신규),1100023738,해물순두부 
202010,2,S000024,죽암(서울),114,127_탐앤탐스(직영),1100023881,카페아메리카노(탐탐)
202010,3,S000024,죽암(서울),86,990_EX카페,1100028919,ex-cafe아메리카노(I)
202010,4,S000024,죽암(서울),114,127_탐앤탐스(직영),1100023859,아이스카페아메리카노(탐탐)
202010,5,S000024,죽암(서울),13,350_호두과자,1100021753,명품호두과자5000(간식용) 
202010,1,S000026,죽암(부산),14,호두과자,1100006235,3.호두과자(5000)
202010,2,S000026,죽암(부산),33,죽암왕갈비탕,1100021679,보은대추왕갈비탕
202010,3,S000026,죽암(부산),14,호두과자,1100006284,4.호두과자(10000)
202010,4,S000026,죽암(부산),61,탐앤탐스,1100023859,92. (아이스)아메리카노아이스티 4100 
202010,5,S000026,죽암(부산),1,산뜰愛(애),1100025864,등심돈가스(9000)
202010,1,S000028,신탄진(서울),16,420_호도과자,1100006220,3000호도과자 
202010,2,S000028,신탄진(서울),47,550_탐앤탐스,1100023859,아이스카페아메리카노 
202010,3,S000028,신탄진(서울),12,180_기사전용식당,1100000262,뚝배기동태탕(기)
202010,4,S000028,신탄진(서울),12,180_기사전용식당,1100001131,고추장불고기(기)
202010,5,S000028,신탄진(서울),47,550_탐앤탐스,1100023881,카페아메리카노 
202010,1,S000032,옥천(서울),67,식당(한식),1100032664,한방닭곰탕(9000)
202010,2,S000032,옥천(서울),71,커피(할리스),1100017900,[할]ICE아메리카노[빨]
202010,3,S000032,옥천(서울),67,식당(한식),1100033340,순두부찌개(7500)(표준레시피)
202010,4,S000032,옥천(서울),67,식당(한식),1100033365,김치찌개(7500)(표준레시피)
202010,5,S000032,옥천(서울),71,커피(할리스),1100017876,[할]HOT아메리카노[빨]
202010,1,S000034,금강(부산),1,본관 의류((미사용),1300002081,의류(50000)
202010,2,S000034,금강(부산),1,본관 의류((미사용),1100021036,농심유부우동
202010,3,S000034,금강(부산),66,탐앤탐스(하행),1100015195,(탐스-상)초코라떼-핫초코릿 
202010,4,S000034,금강(부산),66,탐앤탐스(하행),1100023941,(하)카페아메리카노 카페아메리카노
202010,5,S000034,금강(부산),48,롯데리아,1100006555,(★롯데리아)불고기버거세트 
202010,1,S000036,황간(부산),73,맛남의식당,1100000269,영표국밥(6000)
202010,2,S000036,황간(부산),5,식당(한식),1100033361,차돌된장찌개와솥밥 차돌된장찌개(8000)(표준레시피)
202010,3,S000036,황간(부산),59,커피(할리스),1100017900,아이스아메리카노 
202010,4,S000036,황간(부산),59,커피(할리스),1100017876,카페아메리카노 
202010,5,S000036,황간(부산),66,코바코돈가스,1100030442,수제왕돈까스 통등심돈가스
202010,1,S000038,황간(서울),64,맛남의식당,1100000269,영표국밥(6000)
202010,2,S000038,황간(서울),50,커피(할리스),1100017900,아이스아메리카노 
202010,3,S000038,황간(서울),4,식당(한식),1100033361,차돌된장찌개와솥밥 차돌된장찌개(8000)(표준레시피)
202010,4,S000038,황간(서울),50,커피(할리스),1100017876,카페아메리카노 
202010,5,S000038,황간(서울),4,식당(한식),1100025321,간큰고등어(9000) 고등어구이신규
202010,1,S000040,추풍령(부산),6,칼국수,1100023532,사골칼제비(7500)
202010,2,S000040,추풍령(부산),32,지례흑돼지,1100027329,한돈고추장불고기
202010,3,S000040,추풍령(부산),2,전문식당,1100033332,돌솥비빔밥(7500)(표준레시피)
202010,4,S000040,추풍령(부산),60,할리스,1100017876,카페아메리카노 
202010,5,S000040,추풍령(부산),60,할리스,1100017900,아이스아메리카노 
202010,1,S000042,추풍령(서울),6,스낵(칼국수외),1100023532,하노이쌀국수양지
202010,2,S000042,추풍령(서울),80,할리스,1100017876,카페아메리카노
202010,3,S000042,추풍령(서울),2,식당(한식),1100001167,김천지례 흑돼지오삼 석쇠구이 
202010,4,S000042,추풍령(서울),80,할리스,1100017900,아이스아메리카노
202010,5,S000042,추풍령(서울),2,식당(한식),1100033332,돌솥비빔밥(7500)(표준레시피)
202010,1,S000044,칠곡(부산),33,호도/잡화,1100029857,호도호두과자(10000)
202010,2,S000044,칠곡(부산),1,자율식당,1100021849,공기밥(자율) 
202010,3,S000044,칠곡(부산),2,죠이마트,1200002374,에쎄엣지  필드 
202010,4,S000044,칠곡(부산),11,간식코너,1100033690,부산오뎅
202010,5,S000044,칠곡(부산),8,우동김밥전문점,1100031968,가락속풀이생라면
202010,1,S000046,칠곡(서울),29,할리스커피,1100017900,아이스아메리카노 
202010,2,S000046,칠곡(서울),12,자율식당,1100021849,공기밥(자율) 
202010,3,S000046,칠곡(서울),18,우동/김밥,1100031968,가락속풀이생라면
202010,4,S000046,칠곡(서울),55,탐앤탐스커피,1100023859,아이스카페아메리카노 
202010,5,S000046,칠곡(서울),20,호도과자,1100029858,호도호두과자(5000)
202010,1,S000050,평사(부산),32,엔제리너스,1100029820,아메리카노(I)S
202010,2,S000050,평사(부산),32,엔제리너스,1100029823,아메리카노(H)S
202010,3,S000050,평사(부산),10,간식코너,1100029685,우리쌀고구마소떡소떡
202010,4,S000050,평사(부산),7,한식전문점,1100031963,뽀글이돼지찌개정식
202010,5,S000050,평사(부산),1,편의점,1200040553,에쎄체인지히말라야
202010,1,S000052,건천(서울),43,탐앤탐스,1100023859,I카페아메리카노.[4100]-탐앤탐스
202010,2,S000052,건천(서울),48,던킨도너츠,1100027177,ice)아메리카노 - 新던킨
202010,3,S000052,건천(서울),66,한식(직영),1100019830,돼지고기김치찌개(8500)
202010,4,S000052,건천(서울),66,한식(직영),1100033360,매콤순두부찌개(8500)
202010,5,S000052,건천(서울),66,한식(직영),1100033475,소불고기비빔밥(8500)표준
202010,1,S000054,건천(부산),38,엔제리너스,1100029820,아메리카노(I)S
202010,2,S000054,건천(부산),38,엔제리너스,1100029823,아메리카노(H)S
202010,3,S000054,건천(부산),33,간식,1100029685,우리쌀고구마소떡소떡
202010,4,S000054,건천(부산),28,한식전문점,1100033479,해물순두부(표준레시피)1
202010,5,S000054,건천(부산),33,간식,1100029065,웨스턴핫바
202010,1,S000057,언양(서울),60,간식코너,1100029685,우리쌀고구마소떡소떡
202010,2,S000057,언양(서울),1,편의점,1300013050,에쎄체인지프로즌
202010,3,S000057,언양(서울),10,자율식당,1100021849,공기밥(자율) 
202010,4,S000057,언양(서울),10,자율식당,1100033563,묵은지김치찌개(표준레시피)
202010,5,S000057,언양(서울),23,던킨도너츠,1100027177,아이스아메리카노
202010,1,S000062,양산(서울),34,할리스,1100017900,아이스아메리카노 
202010,2,S000062,양산(서울),34,할리스,1100017876,카페아메리카노 
202010,3,S000062,양산(서울),11,009_스낵코너,1100027284,소떡소떡(신)
202010,4,S000062,양산(서울),18,011_한양식당,1100031386,순두부찌개(표준레시피)
202010,5,S000062,양산(서울),11,009_스낵코너,1100031264,프리미엄해물바(순한매운맛)
202010,1,S000063,진영(부산),85,탐앤탐스(옥외),1100023859,아이스카페아메리카노 
202010,2,S000063,진영(부산),2,100_한식당,1100030570,흑돼지김치찌개
202010,3,S000063,진영(부산),32,370_호두과자(외주),1100006235,호도과자 
202010,4,S000063,진영(부산),28,350_열린매장,1100026712,소떡소떡(신)
202010,5,S000063,진영(부산),81,630_수제달인어묵,1100030467,달인수제어묵2개
202010,1,S000064,진영(순천),80,탐앤탐스(옥외),1100023859,아이스카페아메리카노 
202010,2,S000064,진영(순천),6,110_한식당,1100031388,생고기김치찌개
202010,3,S000064,진영(순천),6,110_한식당,1100026759,전통사골육개장
202010,4,S000064,진영(순천),105,330_호두과자(직영),1100029858,호도호두과자(5000)
202010,5,S000064,진영(순천),81,로띠번,1100026458,로띠번
202010,1,S000071,문산(순천),39,고운동커피2,1100007694,H-1아메리카노(3800)
202010,2,S000071,문산(순천),51,의류매장(그린조이),1300000300,의류(10000)
202010,3,S000071,문산(순천),51,의류매장(그린조이),1300007585,의류(100000)
202010,4,S000071,문산(순천),39,고운동커피2,1100007693,I-1아메리카노(3800)
202010,5,S000071,문산(순천),2,케셔(좌),1100017550,1.엄마손된장찌개(8500)
202010,1,S000073,사천(부산),44,할리스커피,1100021621,아이스아메리카노 [할]ICE아메리카노[빨]
202010,2,S000073,사천(부산),2,한식전문점,1100021835,옛날제육덮밥
202010,3,S000073,사천(부산),44,할리스커피,1100017876,카페아메리카노 
202010,4,S000073,사천(부산),49,즉석코너,1100027284,소떡소떡(신)
202010,5,S000073,사천(부산),49,즉석코너,1100029059,옛날핫도그
202010,1,S000074,사천(순천),48,할리스커피,1100017900,아이스아메리카노 
202010,2,S000074,사천(순천),48,할리스커피,1100017876,카페아메리카노 
202010,3,S000074,사천(순천),53,즉석코너,1100027284,소떡소떡(신)
202010,4,S000074,사천(순천),2,한식전문점,1100021835,제육덮밥
202010,5,S000074,사천(순천),53,즉석코너,1100026737,옛날핫도그(신)
202010,1,S000077,섬진강(부산),3,커피전문점,1100005382,아이스아메리카노(딜/신/3800)
202010,2,S000077,섬진강(부산),3,커피전문점,1100007694,아메리카노(딜/신/3800)
202010,3,S000077,섬진강(부산),6,즉석케셔,1100026712,소떡소떡(3500)
202010,4,S000077,섬진강(부산),25,1층한식당우동2,1100024042,얼큰순두부찌개(8000)
202010,5,S000077,섬진강(부산),28,의류매장,1300000815,의류(100000)
202010,1,S000078,섬진강(순천),26,의류,1300000815,의류(100000)
202010,2,S000078,섬진강(순천),26,의류,1300000298,의류(10000)
202010,3,S000078,섬진강(순천),8,커피딜라이트,1100007694,아메리카노(딜/신/3800)
202010,4,S000078,섬진강(순천),4,한식/우동/코바코,1100011520,재첩국(7500)
202010,5,S000078,섬진강(순천),4,한식/우동/코바코,1100024042,얼큰순두부찌개(8000) 
202010,1,S000083,거창(대구),25,할리스(상),1100017900,아이스아메리카노 
202010,2,S000083,거창(대구),25,할리스(상),1100017876,카페아메리카노 
202010,3,S000083,거창(대구),4,100_스낵코너(상),1100026839,모듬꼬치(소떡소떡)
202010,4,S000083,거창(대구),4,100_스낵코너(상),1100006235,호도과자 
202010,5,S000083,거창(대구),3,020_한식우동코너(상),1100028987,얼큰돼지김치찌개
202010,1,S000084,거창(광주),23,할리스(하),1100017876,카페아메리카노 
202010,2,S000084,거창(광주),23,할리스(하),1100017900,아이스아메리카노 
202010,3,S000084,거창(광주),4,100_스낵코너(하),1100026839,모둠꼬치
202010,4,S000084,거창(광주),3,020_한식우동코너(하),1100028987,얼큰돼지김치찌개
202010,5,S000084,거창(광주),4,100_스낵코너(하),1100026838,불갈비맛소세지
202010,1,S000087,지리산(대구),2,식당(일반),1100033350,흑돼지김치찌개7500(표준레시피)
202010,2,S000087,지리산(대구),2,식당(일반),1100026669,춘향남원추어탕
202010,3,S000087,지리산(대구),2,식당(일반),1100033659,지리산산채비빔밥(표준레시피)
202010,4,S000087,지리산(대구),41,의류매장,1300000818,클라이머(100000)
202010,5,S000087,지리산(대구),42,던킨도너츠,1100027177,아이스아메리카노
202010,1,S000088,지리산(광주),2,식당(일반),1100026669,춘향남원추어탕
202010,2,S000088,지리산(광주),32,외부매장(직영),1100026712,소떡소떡(신)
202010,3,S000088,지리산(광주),48,던킨도너츠,1100027178,카페아메리카노
202010,4,S000088,지리산(광주),19,할리스,1100017876,HOT카페아메리카노[빨]
202010,5,S000088,지리산(광주),39,의류매장,1300000348,클라이머홀릭(10000)
202010,1,S000092,화성(서울),83,할리스0083,1100017900,ICE아메리카노[빨]
202010,2,S000092,화성(서울),6,외부매장(호두과자),1100006220,3000호두과자 
202010,3,S000092,화성(서울),104,외부매장(꽈베기),1100030210,못난이찹쌀꽈배기
202010,4,S000092,화성(서울),104,외부매장(꽈베기),1100032235,꽈배기(10000)
202010,5,S000092,화성(서울),6,외부매장(호두과자),1100006235,5000호두과자 
202010,1,S000093,화성(목포),7,외부매장(호두과자),1100006220,3000호도과자 
202010,2,S000093,화성(목포),48,의류매장,1300000815,의류(전문매장) JDX골프(100000)
202010,3,S000093,화성(목포),92,커피(할리스),1100017900,[할]ICE아메리카노[빨]
202010,4,S000093,화성(목포),3,식당(한식),1100033792,화성궁중비빔밥(8000)표준
202010,5,S000093,화성(목포),119,직영매장(어묵핫바),1100026712,소떡소떡(신)
202010,1,S000098,서산(목포),1,냉면코너,1200003850,조지아오리지널 
202010,2,S000098,서산(목포),42,네파,1300008627,의류(전문매장) 캠핑(용품)행사(100000)
202010,3,S000098,서산(목포),1,냉면코너,1300012445,단호박칩
202010,4,S000098,서산(목포),42,네파,1300000606,의류(전문매장) 의류(전문매장)
202010,5,S000098,서산(목포),42,네파,1300002912,의류(200000) 의류(200000)
202010,1,S000100,서산(서울),47,탐앤탐스,1100023859,아이스카페아메리카노 
202010,2,S000100,서산(서울),11,호두스낵코너(최신),1100026692,허브통살꼬치
202010,3,S000100,서산(서울),47,탐앤탐스,1100023881,카페아메리카노 
202010,4,S000100,서산(서울),11,호두스낵코너(최신),1300000312,의류(전문매장) 포나인
202010,5,S000100,서산(서울),11,호두스낵코너(최신),1100026712,소떡소떡(신)
202010,1,S000102,대천(서울),8,오징어토스트,1100019065,153아메리카노(ice)
202010,2,S000102,대천(서울),5,드롭탑(커피),1100026093,아메리카노/드롭탑
202010,3,S000102,대천(서울),66,멕스웰하우스,1100019068,153아메리카노(hot)
202010,4,S000102,대천(서울),8,오징어토스트,1100020321,춤추는오짱(대) 춤추는오짱(대)
202010,5,S000102,대천(서울),59,국수매장,1100024625,떡라면
202010,1,S000103,대천(목포),55,의류매장(임시),1300000348,클라이머홀릭(10000)
202010,2,S000103,대천(목포),8,커피(드롭탑),1100026093,아메리카노/드롭탑
202010,3,S000103,대천(목포),8,커피(드롭탑),1100026110,ICE아메리카노/드롭탑
202010,4,S000103,대천(목포),3,한식당,1100024876,우리콩순두부찌개
202010,5,S000103,대천(목포),3,한식당,1100023412,제육돌솥비빔밥
202010,1,S000106,군산(서울),45,의류매장,1300000100,의류(전문매장) 
202010,2,S000106,군산(서울),43,동빵,1100023709,동빵(5000) 
202010,3,S000106,군산(서울),43,동빵,1100023708,동빵(10000) 
202010,4,S000106,군산(서울),53,카페베네(연동),1100025814,아이스아메리카노(R)
202010,5,S000106,군산(서울),41,무인식권발매기,1100011964,공기밥(부페) 공기밥(1000)
202010,1,S000108,군산(목포),2,020_한식양식,1100017244,라면정식 라면정식
202010,2,S000108,군산(목포),10,열린매장,1100026704,웨스턴핫바(신)
202010,3,S000108,군산(목포),10,열린매장,1100006295,즉석호두과자
202010,4,S000108,군산(목포),2,020_한식양식,1100018449,옥구우거지국밥
202010,5,S000108,군산(목포),1,010_편의점,1200003796,황룡당만주 
202010,1,S000110,고창고인돌(목포),2,한양식전문점,1100023412,돌솥비빔밥(8000)
202010,2,S000110,고창고인돌(목포),68,드롭탑,1100026093,아메리카노/드롭탑
202010,3,S000110,고창고인돌(목포),52,의류매장,1300000815,의류(전문매장) 의류(전문매장)
202010,4,S000110,고창고인돌(목포),2,한양식전문점,1100024627,김치두부찌개(8000)
202010,5,S000110,고창고인돌(목포),9,호떡오징어매장,1100026712,소떡소떡(신)
202010,1,S000112,고창고인돌(서울),48,드롭탑,1100026093,아메리카노/드롭탑
202010,2,S000112,고창고인돌(서울),48,드롭탑,1100027285,아메리카노(L)
202010,3,S000112,고창고인돌(서울),2,한식전문점,1100027322,해물순두부(한식)
202010,4,S000112,고창고인돌(서울),2,한식전문점,1100017663,돌솥비빔밥
202010,5,S000112,고창고인돌(서울),16,커피전문점,1100023734,아이스(아메리카노티)
202010,1,S000115,함평천지(서울),97,032_탐앤탐스,1100023859,탐)아이스카페아메리카노
202010,2,S000115,함평천지(서울),22,022_그린웰,1100027180,소고기장터국밥
202010,3,S000115,함평천지(서울),97,032_탐앤탐스,1100023881,탐)카페아메리카노
202010,4,S000115,함평천지(서울),22,022_그린웰,1100030570,옛날돼지고기김치찌개
202010,5,S000115,함평천지(서울),22,022_그린웰,1100030574,한우소머리곰탕
202010,1,S000117,함평천지(목포),1,함A-01한식양식(무진),1100030549,바우네맑은나주곰탕
202010,2,S000117,함평천지(목포),3,함B-1옥외매장,1100026927,소떡소떡
202010,3,S000117,함평천지(목포),24,로띠번,1100029975,아메리카노
202010,4,S000117,함평천지(목포),6,함C-01하이샵,1300001378,하이숍(잡화10000) 하이숍(잡화10000)
202010,5,S000117,함평천지(목포),24,로띠번,1100023735,아메리카노(I)
202010,1,S000122,정읍녹두장군(천안),54,탐앤탐스,1100023859,ic아메리카노4100원
202010,2,S000122,정읍녹두장군(천안),54,탐앤탐스,1100023881,H카페아메리카노4100원 
202010,3,S000122,정읍녹두장군(천안),4,한식,1100024955,제육덮밥8500원
202010,4,S000122,정읍녹두장군(천안),12,토스트/스넥,1100003056,[푸드]알프스소세지
202010,5,S000122,정읍녹두장군(천안),55,호두과자,1100006261,호도과자[5000] 
202010,1,S000123,정읍녹두장군(순천),66,[커피]탐앤탐스,1100023859,[탐I]아메리카노ICE티(4100) 
202010,2,S000123,정읍녹두장군(순천),67,[의류]파사디,1300009390,파사디100000
202010,3,S000123,정읍녹두장군(순천),66,[커피]탐앤탐스,1100023881,[탐H]아메리카노(4100)
202010,4,S000123,정읍녹두장군(순천),11,[가판]호두델리,1100006292,[호두]5000호두과자 
202010,5,S000123,정읍녹두장군(순천),8,[식당가]한식,1100033339,[한식]해물순두부찌개(표준)
202010,1,S000126,백양사(천안),40,탐앤탐스,1100023859,아이스카페아메리카노 
202010,2,S000126,백양사(천안),33,한식코너,1100022182,삼채애호박찌개(신)
202010,3,S000126,백양사(천안),40,탐앤탐스,1100023881,카페아메리카노 
202010,4,S000126,백양사(천안),52,드롭탑,1100017900,아이스아메리카노
202010,5,S000126,백양사(천안),33,한식코너,1100033286,삼채비빕밥(표준레시피)
202010,1,S000130,곡성(천안),9,080_가판(호도),1100026712,소떡소떡(신)
202010,2,S000130,곡성(천안),12,130_커피2(엔제리너스),1100017417,아이스 아메리카노
202010,3,S000130,곡성(천안),51,임실치즈,1100023730,구워먹는 치즈
202010,4,S000130,곡성(천안),12,130_커피2(엔제리너스),1100017416,핫 아메리카노
202010,5,S000130,곡성(천안),2,020_한식당,1100021835,제육덮밥
202010,1,S000131,곡성(순천),41,탐앤탐스(직영),1100023859,아이스카페아메리카노
202010,2,S000131,곡성(순천),25,001_한식코너,1100018409,흑돼지김치찌개 
202010,3,S000131,곡성(순천),41,탐앤탐스(직영),1100023881,카페아메리카노
202010,4,S000131,곡성(순천),39,열린매장(직영),1100006235,호도과자 
202010,5,S000131,곡성(순천),36,열린매장2(직영),1100026712,소떡소떡(신)
202010,1,S000141,이천(하남),10,호두과자,1100021354,우리밀천안호두과자(5000) 
202010,2,S000141,이천(하남),10,호두과자,1100021355,우리밀천안호두과자(10000)
202010,3,S000141,이천(하남),10,호두과자,1100017781,우리밀천안호도과자(3000) 
202010,4,S000141,이천(하남),6,소시지,1100026927,소떡소떡
202010,5,S000141,이천(하남),6,소시지,1100026924,부산오뎅(3000)
202010,1,S000144,이천(남이),75,카페드롭탑,1100026110,ICE아메리카노/드롭탑
202010,2,S000144,이천(남이),75,카페드롭탑,1100026093,아메리카노/드롭탑
202010,3,S000144,이천(남이),41,델리쉐프(1),1100026927,소떡소떡
202010,4,S000144,이천(남이),60,한식매장,1100033291,해물순두부(표준레시피)
202010,5,S000144,이천(남이),60,한식매장,1100033298,비빔밥(표준레시피)
202010,1,S000145,음성(하남),44,(신)호두과자/오징어,1100006284,10000호두과자 
202010,2,S000145,음성(하남),41,(신)엔제리너스,1100019660,아메리카노(I) 
202010,3,S000145,음성(하남),44,(신)호두과자/오징어,1100006261,즉석호도과자 
202010,4,S000145,음성(하남),42,(신)간식(중앙),1100028770,떡햄바
202010,5,S000145,음성(하남),41,(신)엔제리너스,1100019637,아메리카노(H) 
202010,1,S000146,음성(남이),37,(신)탐앤탐스,1100023881,카페아메리카노 
202010,2,S000146,음성(남이),37,(신)탐앤탐스,1100023859,아이스카페아메리카노 
202010,3,S000146,음성(남이),52,(신)양식전문점,1100033403,수제돈가스(표준레시피)
202010,4,S000146,음성(남이),51,(신)한식전문점,1100032582,동의)김치사골국밥
202010,5,S000146,음성(남이),41,(신)호두과자/오징어,1100006261,즉석호도과자 
202010,1,S000149,오창(하남),59,소미미,1300012226,소미미2500빵
202010,2,S000149,오창(하남),5,라면/김밥,1100023616,충무김밥
202010,3,S000149,오창(하남),59,소미미,1100016935,소미미2000빵
202010,4,S000149,오창(하남),43,양식당,1100030442,⑨등심돈가스
202010,5,S000149,오창(하남),5,라면/김밥,1100023657,떡만두라면정식
202010,1,S000153,금산인삼랜드(대전),111,인삼반상(18.12.1직영),1100024320,31.인삼갈비탕[10000]한식
202010,2,S000153,금산인삼랜드(대전),42,호도과자1,1100006292,5000호두과자 
202010,3,S000153,금산인삼랜드(대전),42,호도과자1,1100006285,3000호두과자 
202010,4,S000153,금산인삼랜드(대전),132,핫바(12월직영),1100020778,소떡소떡[3500]핫바
202010,5,S000153,금산인삼랜드(대전),111,인삼반상(18.12.1직영),1100033360,해물순두부(표준레시피)
202010,1,S000154,금산인삼랜드(통영),15,400_휴대폰충전기,1500000375,전자카드충전(10000)
202010,2,S000154,금산인삼랜드(통영),6,100_한식당1,1100033292,흑돼지김치찌개_표준레시피
202010,3,S000154,금산인삼랜드(통영),41,510_호도과자,1100017581,참호두과자(3000) 
202010,4,S000154,금산인삼랜드(통영),37,560_소떡소떡,1100026927,소떡소떡
202010,5,S000154,금산인삼랜드(통영),3,450_옥외가판(커피),1100019637,아메리카노(H)
202010,1,S000157,덕유산(대전),29,팬텀(의류),1300000298,팬텀의류(10000)
202010,2,S000157,덕유산(대전),29,팬텀(의류),1300000815,팬텀의류(100000)
202010,3,S000157,덕유산(대전),54,탐엔탐스,1100023881,(탐탐)카페아메리카노4.1(연동)
202010,4,S000157,덕유산(대전),116,링스,1300002109,의류100000
202010,5,S000157,덕유산(대전),116,링스,1300002008,의류10000
202010,1,S000158,덕유산(통영),37,팬텀,1300007637,4의류 100000(팬텀)(신)
202010,2,S000158,덕유산(통영),119,덕유반상,1100032910,한우국밥
202010,3,S000158,덕유산(통영),37,팬텀,1200012835,3의류 10000(팬텀)(신)
202010,4,S000158,덕유산(통영),10,링스,1300000816,링스(100000)
202010,5,S000158,덕유산(통영),62,탐앤탐스,1100023881,핫아메리카노(새미래)41
202010,1,S000165,산청(대전),26,탐앤탐스,1100023881,카페아메리카노 
202010,2,S000165,산청(대전),26,탐앤탐스,1100023859,아이스카페아메리카노 
202010,3,S000165,산청(대전),3,즉석,1100006291,호두과자(3000)
202010,4,S000165,산청(대전),2,한식당,1100028268,7.순두부찌개
202010,5,S000165,산청(대전),34,델리시아,1100030195,소떡소떡(4000)
202010,1,S000166,산청(통영),28,탐앤탐스,1100019660,아이스아메리카노(I) 
202010,2,S000166,산청(통영),28,탐앤탐스,1100023881,카페아메리카노 
202010,3,S000166,산청(통영),34,델리시아,1100030195,소떡
202010,4,S000166,산청(통영),2,한식당,1100033417,등심돈가스
202010,5,S000166,산청(통영),6,즉석코너,1100006291,3.호두과자(3000)
202010,1,S000173,선산(양평),43,카페드롭탑,1100026110,ICE아메리카노/드롭탑
202010,2,S000173,선산(양평),1,가판매장(A),1100028541,소떡소떡
202010,3,S000173,선산(양평),8,한식당,1100023738,해물순두부
202010,4,S000173,선산(양평),8,한식당,1100021684,뚝배기불고기 
202010,5,S000173,선산(양평),31,의류매장,1300000815,의류(전문매장) 
202010,1,S000174,선산(창원),36,의류매장,1300000815,의류(전문매장) 
202010,2,S000174,선산(창원),36,의류매장,1300000298,의류(전문매장) 
202010,3,S000174,선산(창원),1,가판매장(A),1100026712,소떡소떡(신)
202010,4,S000174,선산(창원),7,한식당,1100023738,해물순두부
202010,5,S000174,선산(창원),2,가판매장(C),1100006242,호도과자 
202010,1,S000177,영산(창원),124,723_탐앤탐스[직영],1100023859,ICE아메리카노[탐] 
202010,2,S000177,영산(창원),124,723_탐앤탐스[직영],1100023881,아메리카노[탐] 
202010,3,S000177,영산(창원),82,610_풍경마루,1100027620,소고기장터국밥[풍경마루]
202010,4,S000177,영산(창원),127,631_열린매장1,1100027284,소떡소떡[직영열린]
202010,5,S000177,영산(창원),82,610_풍경마루,1100027322,해물순두부(한식)
202010,1,S000179,칠서(양평),2,040_한식,1100028987,얼큰돼지김치찌개
202010,2,S000179,칠서(양평),2,040_한식,1100024853,나물비빔밥과된장찌개
202010,3,S000179,칠서(양평),2,040_한식,1100028086,장터국밥(한식)
202010,4,S000179,칠서(양평),46,엔젤리너스,1100029819,아메리카노(I)R
202010,5,S000179,칠서(양평),46,엔젤리너스,1100029823,아메리카노(H)S
202010,1,S000195,횡성(인천),45,한식(신)(O),1100014296,한우국밥-한식
202010,2,S000195,횡성(인천),94,탐앤탐스(O),1100023859,ICE_4100-탐앤탐스
202010,3,S000195,횡성(인천),94,탐앤탐스(O),1100023881,HOT_4100-탐앤탐스
202010,4,S000195,횡성(인천),41,호도과자(가)(O),1100006235,5000호도과자-웰빙 
202010,5,S000195,횡성(인천),70,육대장(O),1100022081,육개장-육대장
202010,1,S000201,문막(강릉),26,별미우동,1100024878,내촌한우국밥
202010,2,S000201,문막(강릉),127,던킨도너츠,1300012813,던킨)먼치킨(4000)
202010,3,S000201,문막(강릉),13,한과,1100012291,통호두호두과자
202010,4,S000201,문막(강릉),128,롯데리아,1100026375,한우불고기버거세트
202010,5,S000201,문막(강릉),35,임시매장,1100026712,소떡소떡(신)
202010,1,S000203,여주(강릉),147,(신)여흥옥,1100011819,여흥옥설렁탕
202010,2,S000203,여주(강릉),145,진어전(제조),1100025476,가마보꼬즉석어묵
202010,3,S000203,여주(강릉),145,진어전(제조),1100030050,꼬치국물어묵(대봉)
202010,4,S000203,여주(강릉),102,(신)(신관)간식(군밤,1100018288,군밤(구관)
202010,5,S000203,여주(강릉),139,희망상회(닭강정),4700000075,닭강정(청년)1000
202010,1,S000204,여주(인천),64,호도과자코너,1100006284,(4)10000호도과자(너섬식품) 
202010,2,S000204,여주(인천),64,호도과자코너,1100006235,(3)5000호도과자(너섬식품) 
202010,3,S000204,여주(인천),81,한식당,1100024878,(1)한우국밥(한식)
202010,4,S000204,여주(인천),66,떡볶이.오징어,1100026712,소떡소떡/직영
202010,5,S000204,여주(인천),82,양식당,1100019854,(11)등심돈가스(양식)
202010,1,S000207,용인(강릉),50,맥도날드,1100023980,후렌치후라이-M 
202010,2,S000207,용인(강릉),11,한식전문점(1번코너),1100026588,소고기등심국밥
202010,3,S000207,용인(강릉),16,통감자,1100028494,소떡소떡3500
202010,4,S000207,용인(강릉),64,드롭탑,1100026110,ICE아메리카노/드롭탑
202010,5,S000207,용인(강릉),9,양식덮밥(2번코너),1100027332,떡만두라면
202010,1,S000208,용인(인천),10,가판1(호도과자),1100006269,9.5000호도과자 
202010,2,S000208,용인(인천),61,드롭탑,1100026110,ICE아메리카노/드롭탑
202010,3,S000208,용인(인천),1,한식당,1100026588,소고기등심국밥
202010,4,S000208,용인(인천),13,가판3(핫바),1100020778,12.소떡소떡
202010,5,S000208,용인(인천),10,가판1(호도과자),1100006220,8.3000호도과자 
202010,1,S000211,춘천(부산),24,커피매장,1100014844,아이스아메리카노
202010,2,S000211,춘천(부산),24,커피매장,1100011129,아메리카노
202010,3,S000211,춘천(부산),34,시즌푸드코트,1100022575,꼬마김밥
202010,4,S000211,춘천(부산),2,한식당,1100033476,순두부찌개(표준레시피)
202010,5,S000211,춘천(부산),29,호두과자,1100006235,호도과자 
202010,1,S000213,홍천강(춘천),25,까페베네,1100025987,아메리카노(I) H아메리카노(카페베네)
202010,2,S000213,홍천강(춘천),25,까페베네,1100025986,아메리카노(I) 아이스아메리카노(카페베네)
202010,3,S000213,홍천강(춘천),25,까페베네,1100017575,샷추가(500)
202010,4,S000213,홍천강(춘천),5,050_열린매장,1100025645,소떡소떡(소)
202010,5,S000213,홍천강(춘천),5,050_열린매장,1100033811,치즈팡팡소세지
202010,1,S000217,치악(부산),32,029_의류매장,1300000815,의류(전문매장/100000)
202010,2,S000217,치악(부산),32,029_의류매장,1300000298,의류(전문매장) 의류(전문매장)
202010,3,S000217,치악(부산),46,028_망고식스(소미미),1300012226,소미미단팥빵
202010,4,S000217,치악(부산),34,019_할리스커피,1100017876,카페아메리카노 
202010,5,S000217,치악(부산),32,029_의류매장,1300007636,의류(쿨핑)
202010,1,S000218,치악(춘천),15,130_할리스커피,1100017900,아이스아메리카노 
202010,2,S000218,치악(춘천),15,130_할리스커피,1100017876,카페아메리카노 
202010,3,S000218,치악(춘천),26,의류매장,1300000298,의류(전문매장) 의류(전문매장)
202010,4,S000218,치악(춘천),8,170_만쥬리아코너,1100026712,소떡소떡(신)
202010,5,S000218,치악(춘천),12,080_호도과자,1100029858,호/호두과자(5000)
202010,1,S000221,단양팔경(춘천),43,커피매장,1100010844,아이스아메리카노
202010,2,S000221,단양팔경(춘천),43,커피매장,1100009980,아메리카노
202010,3,S000221,단양팔경(춘천),8,400_옥외매장,1100026927,소떡소떡
202010,4,S000221,단양팔경(춘천),7,020_한식/양식,1100016064,육개장
202010,5,S000221,단양팔경(춘천),41,양식코너,1100018933,마늘왕돈가스
202010,1,S000223,단양팔경(부산),44,할리스,1100017876,[할]HOT아메리카노[빨]
202010,2,S000223,단양팔경(부산),44,할리스,1100017900,[할]ICE아메리카노[빨]
202010,3,S000223,단양팔경(부산),1,식당(한식/양식),1100033357,소고기국밥(8000)(표준레시피)
202010,4,S000223,단양팔경(부산),5,외부매장(직영),1100026712,소떡소떡(신)
202010,5,S000223,단양팔경(부산),1,식당(한식/양식),1100033363,차돌된장찌개(7500)(표준레시피)
202010,1,S000225,안동(부산),2,한식당,1100016503,이동삼안동간고등어구이 이동삼안동간고등어구이
202010,2,S000225,안동(부산),44,300_엔제리너스,1100029820,아메리카노(I)S
202010,3,S000225,안동(부산),44,300_엔제리너스,1100029823,아메리카노(H)S
202010,4,S000225,안동(부산),42,200_옥외매장,1100027284,소떡소떡(신)
202010,5,S000225,안동(부산),43,210_호두과자,1100029858,호도호두과자(5000)
202010,1,S000226,안동(춘천),6,한식당,1100016503,이동삼안동간고등어구이 이동삼안동간고등어구이
202010,2,S000226,안동(춘천),46,엔젤리너스,1100029823,아메리카노(H)S
202010,3,S000226,안동(춘천),8,210_병과,1100029858,호도호두과자(5000)
202010,4,S000226,안동(춘천),6,한식당,1100022135,소고기국밥
202010,5,S000226,안동(춘천),4,김밥라면,1100002537,김치라면 
202010,1,S000229,군위(부산),46,할리스커피,1100017900,I)아메리카노 
202010,2,S000229,군위(부산),46,할리스커피,1100017876,H)아메/에스프레소 
202010,3,S000229,군위(부산),13,가판2,1100020778,소떡소떡 
202010,4,S000229,군위(부산),13,가판2,1100003440,가마보꼬(3500)
202010,5,S000229,군위(부산),13,가판2,1100023125,웨스턴핫바
202010,1,S000230,군위(춘천),54,할리스커피,1100017876,S)에스프레소꼰빠냐
202010,2,S000230,군위(춘천),54,할리스커피,1100017900,I)아메리카노 
202010,3,S000230,군위(춘천),10,계절상품코너,1100020778,소떡소떡 
202010,4,S000230,군위(춘천),10,계절상품코너,1100023125,웨스턴핫바
202010,5,S000230,군위(춘천),64,멀티샵,1300000815,멀티샵(100000)
202010,1,S000233,동해(삼척),29,바우드코리아,1300000299,의류(전문매장) 바우드코리아(10000)
202010,2,S000233,동해(삼척),49,도이터 매장,1300000319,의류(전문매장) 블랙야크<10000>
202010,3,S000233,동해(삼척),49,도이터 매장,1300007587,의류(전문매장) 나이키
202010,4,S000233,동해(삼척),29,바우드코리아,1300000816,의류(전문매장) 바우드코리아(100000)
202010,5,S000233,동해(삼척),52,드롭탑,1100021103,ice아메리카노
202010,1,S000236,장유(서부산),1,한식,1100031958,9) 코바코등심돈가스
202010,2,S000236,장유(서부산),1,한식,1100027000,5) 통영해물순두부찌개(8000)
202010,3,S000236,장유(서부산),19,엔젤리너스,1100018143,아이스아메리카노(엔젤)
202010,4,S000236,장유(서부산),5,스낵,1100006235,호도과자 
202010,5,S000236,장유(서부산),1,한식,1100000704,2) 콩나물해장국밥 
202010,1,S000238,벌곡(대전),19,2-1 한식(편의점),1100028409,고불소고기비빔밥
202010,2,S000238,벌곡(대전),19,2-1 한식(편의점),1100027322,해물순두부(한식)
202010,3,S000238,벌곡(대전),32,옥외매장,1100006292,통호두호두과자 
202010,4,S000238,벌곡(대전),40,딜라이트,1100032802,딜)아메리카노HOT
202010,5,S000238,벌곡(대전),32,옥외매장,1100026927,소떡소떡
202010,1,S000240,벌곡(논산),3,식당,1100021865,수제등심돈가스
202010,2,S000240,벌곡(논산),18,탐앤탐스,1100023859,I)아메/아이스티4100 탐탐 
202010,3,S000240,벌곡(논산),5,통감자,1100026712,소떡소떡3500 열린매장
202010,4,S000240,벌곡(논산),5,통감자,1100006235,5000호도과자 열린매장
202010,5,S000240,벌곡(논산),3,식당,1100021856,떡라면5.0
202010,1,S000268,문경(양평),1,편의점,1200038906,건어물8종
202010,2,S000268,문경(양평),3,의류,1300002090,의류(50000) 
202010,3,S000268,문경(양평),3,의류,1300002114,의류(100000) 
202010,4,S000268,문경(양평),3,의류,1300002538,의류(20000) 
202010,5,S000268,문경(양평),1,편의점,1200041922,웰빙칩스
202010,1,S000269,함평나비(광주),32,탐앤탐스커피매장,1100023859,IC아메리카노(신) 
202010,2,S000269,함평나비(광주),32,탐앤탐스커피매장,1100023881,아메리카노(신) 
202010,3,S000269,함평나비(광주),9,열린매장,1100026712,소떡소떡(신)
202010,4,S000269,함평나비(광주),1,식당,1100033490,돈가스(표준레시피)
202010,5,S000269,함평나비(광주),24,로띠번빵매장,1100026458,로띠번
202010,1,S000270,함평나비(무안),34,탐앤탐스커피매장,1100023859,IC아메리카노(신) 
202010,2,S000270,함평나비(무안),34,탐앤탐스커피매장,1100023881,아메리카노(신) 
202010,3,S000270,함평나비(무안),3,열린매장,1100026712,소떡소떡(신)
202010,4,S000270,함평나비(무안),3,열린매장,1100024048,수제어묵바 
202010,5,S000270,함평나비(무안),23,로띠번빵매장,1100026458,로띠번
202010,1,S000273,문경(창원),43,252_의류전문매장,1300000815,의류(전문매장) 의류(전문매장)
202010,2,S000273,문경(창원),43,252_의류전문매장,1300000298,의류(전문매장) 의류(전문매장)
202010,3,S000273,문경(창원),20,100_한식당,1100033527,문경소고기국밥(표준레시피)
202010,4,S000273,문경(창원),20,100_한식당,1100033526,문경해물순두부(표준레시피)
202010,5,S000273,문경(창원),69,101_기사식당,1100001149,제육덮밥 
202010,1,S000274,구정(속초),19,070_로띠번,1100011208,아이스카페라떼 
202010,2,S000274,구정(속초),19,070_로띠번,1100016197,카페라떼 카페라떼
202010,3,S000274,구정(속초),17,060_한식당,1100024848,화촌버섯육개장
202010,4,S000274,구정(속초),20,080_스낵매장,1100030559,뚝불고기
202010,5,S000274,구정(속초),18,050_코바코,1100017792,코바코떡만두라면
202010,1,S000277,남성주참외(창원),63,놀부부대찌개(유명),1100029720,(놀부)놀부부대찌개
202010,2,S000277,남성주참외(창원),54,쌈지(잡화),1300007654,의류(전문매장) 외부행사
202010,3,S000277,남성주참외(창원),51,할리스,1100017900,할리스 ICE아메리카노(빨)
202010,4,S000277,남성주참외(창원),2,식당(한식),1100033365,바글바글김치찌개 김치찌개(7500)(표준레시피)
202010,5,S000277,남성주참외(창원),2,식당(한식),1100025321,고등어구이신규
202010,1,S000278,남성주참외(양평),69,의류매장(클라이머홀릭),1300000102,의류(전문매장)
202010,2,S000278,남성주참외(양평),76,토스트&와플,1100020339,토스트세트(불갈비베이컨)
202010,3,S000278,남성주참외(양평),22,할리스,1100017900,아이스아메리카노 
202010,4,S000278,남성주참외(양평),22,할리스,1100017876,카페아메리카노 
202010,5,S000278,남성주참외(양평),3,한식당,1100033365,바글바글김치찌개 김치찌개(7500)(표준레시피)
202010,1,S000280,화서(영덕),39,탐앤탐스,1100023881,카페아메리카노 
202010,2,S000280,화서(영덕),2,100_한식당,1100033404,등심돈가스(표준레시피)
202010,3,S000280,화서(영덕),85,미도어묵,1100029883,미도어묵핫바
202010,4,S000280,화서(영덕),39,탐앤탐스,1100023859,(I)아메리카노아이스티 
202010,5,S000280,화서(영덕),85,미도어묵,1100030121,프리미엄오징어어니언바(매운맛)
202010,1,S000286,진안마이산(장수),2,100_한식당,1100017861,제육덮밥정식
202010,2,S000286,진안마이산(장수),2,100_한식당,1100024677,해물부대찌개
202010,3,S000286,진안마이산(장수),35,망고식스,1100022727,아메리카노(ICE)
202010,4,S000286,진안마이산(장수),35,망고식스,1100022764,아메리카노(HOT)
202010,5,S000286,진안마이산(장수),2,100_한식당,1100023738,해물순두부
202010,1,S000288,고성공룡나라(통영),36,엔제리너스(직영),1100029820,아메리카노(I)S
202010,2,S000288,고성공룡나라(통영),36,엔제리너스(직영),1100029823,아메리카노(H)S
202010,3,S000288,고성공룡나라(통영),37,옥외매장(직영),1100026712,소떡소떡(신)
202010,4,S000288,고성공룡나라(통영),28,한식당,1100018409,흑돼지김치찌개 
202010,5,S000288,고성공룡나라(통영),37,옥외매장(직영),1100023605,문어야채바 
202010,1,S000289,고성공룡나라(대전),25,엔제리너스,1100029823,아메리카노(H)S
202010,2,S000289,고성공룡나라(대전),2,한식당,1100018409,흑돼지김치찌개 
202010,3,S000289,고성공룡나라(대전),2,한식당,1100028086,장터국밥(한식)
202010,4,S000289,고성공룡나라(대전),7,옥외매장,1100027284,소떡소떡(신)
202010,5,S000289,고성공룡나라(대전),23,망고식스,1100022727,아메리카노(ICE) 
202010,1,S000292,덕평,137,블랙야크행사,1200013284,블랙야크행사(1000)
202010,2,S000292,덕평,391,까스텔바작,1300002013,의류(10000) 로베르따(10000)
202010,3,S000292,덕평,296,1한식,1100031788,덕평소고기국밥
202010,4,S000292,덕평,261,K2행사,1300008692,K2행사(1000)
202010,5,S000292,덕평,201,잭니클라우스,1200013187,잭니클라우스(1000)
202010,1,S000293,청통(대구),50,091_엔제리너스,1100020535,시즌아메리카노(ICE)
202010,2,S000293,청통(대구),50,091_엔제리너스,1100020536,시즌아메리카노(HOT)
202010,3,S000293,청통(대구),6,060_옥외매장,1100026712,소떡소떡(신)
202010,4,S000293,청통(대구),6,060_옥외매장,1100006235,호도과자 
202010,5,S000293,청통(대구),2,020_한식코너,1100030569,한)얼큰해물순두부
202010,1,S000294,와촌(포항),62,브라더꽈배기,1100021992,PB일반빵
202010,2,S000294,와촌(포항),41,망고식스,1100022727,ICE아메리카노
202010,3,S000294,와촌(포항),41,망고식스,1100022764,HOT아메리카노
202010,4,S000294,와촌(포항),2,020_한식코너,1100015366,순두부찌개(표준 레시피)
202010,5,S000294,와촌(포항),8,080_옥외매장,1100026927,소떡소떡
202010,1,S000295,괴산(양평),99,한식당(직영),1100033311,흑돼지김치찌개(표준레시피)
202010,2,S000295,괴산(양평),99,한식당(직영),1100033299,얼큰해물순두부찌개(표준레시피)
202010,3,S000295,괴산(양평),89,달인 수제 어묵,1100024190,고추어묵 
202010,4,S000295,괴산(양평),83,크리스피크림,1100022626,크리스피아메리카노ICE 
202010,5,S000295,괴산(양평),65,간식탐구(직영),1100026712,소떡소떡(신)
202010,1,S000303,괴산(창원),2,식당(일반),1100033364,괴산소고기국밥(표준레시피)
202010,2,S000303,괴산(창원),2,식당(일반),1100033343,순두부찌개(7000)(표준레시피)
202010,3,S000303,괴산(창원),91,할리스커피,1100017876,카페아메리카노
202010,4,S000303,괴산(창원),2,식당(일반),1100033362,김치찌개(8000)(표준레시피)
202010,5,S000303,괴산(창원),91,할리스커피,1100017900,아이스아메리카노
202010,1,S000306,김천(서울),40,13파스쿠찌,1100017416,핫 아메리카노
202010,2,S000306,김천(서울),2,03한식전문점,1100025870,제육정식(한식당)
202010,3,S000306,김천(서울),40,13파스쿠찌,1100024537,아이스녹차(커피니)
202010,4,S000306,김천(서울),2,03한식전문점,1100014578,단양마늘 돌솥 비빔밥
202010,5,S000306,김천(서울),40,13파스쿠찌,1100017417,아이스 아메리카노
202010,1,S000311,영주(부산),2,020_자판기,1100013850,자판기커피(모카골드믹스외1종) 자판기커피(500)
202010,2,S000311,영주(부산),3,030_스넥,1100016440,맛라면 
202010,3,S000311,영주(부산),7,050_커피,1100010265,에스페레소 
202010,4,S000311,영주(부산),7,050_커피,1100006491,카페아메리카노
202010,5,S000311,영주(부산),1,010_편의점,1200035670,오징어육포
202010,1,S000312,영주(춘천),2,020_자판기,1100013850,자판기커피(모카골드믹스외1종) 자판기커피(500)
202010,2,S000312,영주(춘천),6,040_커피,1100006491,카페아메리카노
202010,3,S000312,영주(춘천),1,010_편의점,1200020939,결명자 
202010,4,S000312,영주(춘천),6,040_커피,1100010265,에스페레소 
202010,5,S000312,영주(춘천),1,010_편의점,1200007428,곶감(10000)
202010,1,S000313,제천(춘천),2,자판기,1100013850,자판기커피(모카골드믹스외1종) 자판기커피(500)
202010,2,S000313,제천(춘천),1,편의점,1200037751,청춘오징어
202010,3,S000313,제천(춘천),1,편의점,1200003171,칸타타 
202010,4,S000313,제천(춘천),1,편의점,1200021266,에쎄라이트
202010,5,S000313,제천(춘천),1,편의점,1200035479,포카리스웨트
202010,1,S000318,공주(대전),30,공주밤나무,1100018603,공주알밤빵(대) 
202010,2,S000318,공주(대전),36,카페베네,1100025986,아이스아메리카노(카페베네)
202010,3,S000318,공주(대전),30,공주밤나무,1100024961,공주알밤빵(선물용) 공주알밤빵(선물용)
202010,4,S000318,공주(대전),30,공주밤나무,1100018288,공주군밤 
202010,5,S000318,공주(대전),36,카페베네,1100025987,H아메리카노(카페베네)
202010,1,S000320,부여백제(공주),40,카페베네,1100025986,아이스아메리카노(카페베네)
202010,2,S000320,부여백제(공주),40,카페베네,1100025987,H아메리카노(카페베네)
202010,3,S000320,부여백제(공주),8,가판,1100026712,소떡소떡(신)
202010,4,S000320,부여백제(공주),8,가판,1100006235,호도과자 
202010,5,S000320,부여백제(공주),8,가판,1100024048,수제어묵바
202010,1,S000321,부여백제(서천),39,카페베네,1100025986,아이스아메리카노(카페베네)
202010,2,S000321,부여백제(서천),39,카페베네,1100025987,H아메리카노(카페베네)
202010,3,S000321,부여백제(서천),7,20.가판,1100026712,소떡소떡(신)
202010,4,S000321,부여백제(서천),7,20.가판,1100006235,호도과자 
202010,5,S000321,부여백제(서천),7,20.가판,1100024048,수제어묵바 수제어묵바
202010,1,S000324,공주(당진),41,공차,1100022625,크리스피아메리카노HOT
202010,2,S000324,공주(당진),41,공차,1100024460,그린 밀크티 (L) 
202010,3,S000324,공주(당진),36,공주밤나무,1100018603,공주알밤빵(대) 
202010,4,S000324,공주(당진),7,400_가판,1100026927,소떡소떡
202010,5,S000324,공주(당진),7,400_가판,1100026692,허브통살꼬치
202010,1,S000326,목감(서울),27,우동코너[건영],1100015284,통밀유부초밥우동정식
202010,2,S000326,목감(서울),27,우동코너[건영],1100020570,라면정식
202010,3,S000326,목감(서울),29,탐앤탐스,1100023859,아이스카페아메리카노
202010,4,S000326,목감(서울),27,우동코너[건영],1100024680,통밀부산어묵우동
202010,5,S000326,목감(서울),27,우동코너[건영],1100020563,떡라면
202010,1,S000328,제천(부산),17,자판기(커피),1100005300,자판기커피(모카골드믹스외1종) 
202010,2,S000328,제천(부산),4,040_아비카커피,1100011410,오늘의커피(2800) 오늘의커피
202010,3,S000328,제천(부산),1,010_편의점,1200039473,건어물8종(1)
202010,4,S000328,제천(부산),4,040_아비카커피,1100021483,아메리카노커피R 커피(ICE)3300
202010,5,S000328,제천(부산),3,자판기(라면),1100011260,맛라면 
202010,1,S000329,의왕(일산),30,190_커피,1100014690,아이스아메리카노(라지)
202010,2,S000329,의왕(일산),8,050_라면,1100001708,라면정식
202010,3,S000329,의왕(일산),30,190_커피,1100023734,아메리카노(H)
202010,4,S000329,의왕(일산),8,050_라면,1100018058,라면
202010,5,S000329,의왕(일산),8,050_라면,1100023656,떡만두라면정식
202010,1,S000331,안성맞춤(평택),2,020_한식당,1100026779,안성국밥(8000)
202010,2,S000331,안성맞춤(평택),46,로띠번,1100026458,로띠번
202010,3,S000331,안성맞춤(평택),34,205_할리스,1100017900,아이스아메리카노 
202010,4,S000331,안성맞춤(평택),5,050_가판,1100026712,소떡소떡(신)
202010,5,S000331,안성맞춤(평택),34,205_할리스,1100017876,아메리카노/에소 
202010,1,S000333,안성맞춤(제천),2,020_한식당,1100026779,안성국밥(8000)
202010,2,S000333,안성맞춤(제천),43,로띠번,1100026458,로띠번
202010,3,S000333,안성맞춤(제천),5,050_가판,1100026712,소떡소떡(신)
202010,4,S000333,안성맞춤(제천),36,205_할리스,1100017900,아이스아메리카노 
202010,5,S000333,안성맞춤(제천),2,020_한식당,1100021865,수제등심돈가스
202010,1,S000342,김천(부산),11,015_한식당,1100014276,웰빙제육비빔밥 
202010,2,S000342,김천(부산),11,015_한식당,1100021854,얼큰돼지김치찌개
202010,3,S000342,김천(부산),37,(직)파스쿠찌,1100017417,아이스 아메리카노
202010,4,S000342,김천(부산),11,015_한식당,1100000721,한우불고기비빔밥
202010,5,S000342,김천(부산),19,005_수라방수제돈가스,1100024887,수제왕돈까스
202010,1,S000347,진주(부산),2,한식당,1100022574,육전비빔밥
202010,2,S000347,진주(부산),41,파스쿠찌,1100010374,아이스아메리카노R
202010,3,S000347,진주(부산),2,한식당,1100021835,제육덮밥
202010,4,S000347,진주(부산),2,한식당,1100033484,묵은지김치찌개(표준레시피)
202010,5,S000347,진주(부산),41,파스쿠찌,1100010360,아메리카노L
202010,1,S000350,서여주(양평),22,탐앤탐스,1100023859,아이스카페아메리카노
202010,2,S000350,서여주(양평),7,한식코너,1100026776,등심돈가스(8500)
202010,3,S000350,서여주(양평),22,탐앤탐스,1100023881,카페아메리카노
202010,4,S000350,서여주(양평),17,로띠번,1100026458,로띠번
202010,5,S000350,서여주(양평),3,라면코너,1100024625,떡라면
202010,1,S000351,서여주(창원),20,탐앤탐스,1100023859,아이스카페아메리카노
202010,2,S000351,서여주(창원),20,탐앤탐스,1100023881,카페아메리카노
202010,3,S000351,서여주(창원),8,한식코너,1100026776,등심돈가스(8500)
202010,4,S000351,서여주(창원),3,라면코너,1100024625,떡라면
202010,5,S000351,서여주(창원),15,로띠번,1100026458,로띠번
202010,1,S000355,이서(순천),40,360_의류,1300000815,의류(전문매장) 의류(전문매장)
202010,2,S000355,이서(순천),40,360_의류,1300000503,의류(전문매장) 의류(전문매장)
202010,3,S000355,이서(순천),3,200_전주비빔밥전문점,1100024627,옛날돼지고기김치찌개
202010,4,S000355,이서(순천),40,360_의류,1300001170,의류(전문매장) 의류(전문매장)
202010,5,S000355,이서(순천),61,530_탐앤탐스,1100023859,아이스카페아메리카노 
202010,1,S000358,이서(천안),40,750_의류,1300000815,의류(전문매장) 의류(전문매장)
202010,2,S000358,이서(천안),116,012_탐앤탐스,1100023859,아이스카페아메리카노
202010,3,S000358,이서(천안),40,750_의류,1300000599,의류(전문매장) 의류(전문매장)
202010,4,S000358,이서(천안),116,012_탐앤탐스,1100023881,카페아메리카노
202010,5,S000358,이서(천안),3,200_한식,1100024627,사태김치찌개
202010,1,S000360,오수(완주),47,탐앤탐,1100023859,아이스카페아메리카노 
202010,2,S000360,오수(완주),47,탐앤탐,1100023881,카페아메리카노 
202010,3,S000360,오수(완주),3,한식,1100030570,옛날돼지고기김치찌개
202010,4,S000360,오수(완주),33,의류,1300000815,의류(전문매장) 의류(전문매장)
202010,5,S000360,오수(완주),6,호도과자,1100006235,호도과자 
202010,1,S000361,오수(순천),49,탐앤탐,1100023859,아이스카페아메리카노 
202010,2,S000361,오수(순천),49,탐앤탐,1100023881,카페아메리카노 
202010,3,S000361,오수(순천),50,임실유산균,1100020701,구워치즈3500
202010,4,S000361,오수(순천),3,한식,1100027620,양갑조)소고기국밥
202010,5,S000361,오수(순천),3,한식,1100030570,옛날돼지고기김치찌개
202010,1,S000364,황전(순천),3,100_한식당,1100033287,삼채돌솥비빔밥(표준레시피)
202010,2,S000364,황전(순천),5,300_열린매장,1100026712,소떡소떡(신)
202010,3,S000364,황전(순천),5,300_열린매장,1100028953,골든수제어묵바(순한맛)
202010,4,S000364,황전(순천),3,100_한식당,1100033366,김치찌개(7000)(표준레시피)
202010,5,S000364,황전(순천),32,파스쿠찌,1100010360,아메리카노L
202010,1,S000365,황전(완주),35,40_파스쿠찌,1100010374,아이스아메리카노R
202010,2,S000365,황전(완주),35,40_파스쿠찌,1100010360,아메리카노L
202010,3,S000365,황전(완주),2,10_한식당,1100014276,웰빙제육비빔밥 
202010,4,S000365,황전(완주),5,30_열린매장,1100026712,소떡소떡(신)
202010,5,S000365,황전(완주),2,10_한식당,1100001964,즉석 국산콩 해물 순두부 
202010,1,S000372,통도사(부산),22,호두코너,1100006297,즉석호두과자(5000)
202010,2,S000372,통도사(부산),7,커피딜라이트,1100005382,ICE 아메리카노 
202010,3,S000372,통도사(부산),6,즉석간식2,1100028541,10 소떡소떡
202010,4,S000372,통도사(부산),22,호두코너,1100006296,즉석호두과자(3000)
202010,5,S000372,통도사(부산),3,한식코너,1100021885,1 명품낙지덮밥
202010,1,S000383,청양(서천),5,031-편의점2,1100024371,착한라면
202010,2,S000383,청양(서천),5,031-편의점2,1100010237,에스프레소 아메리카노 
202010,3,S000383,청양(서천),5,031-편의점2,1200015978,백산수 백산수
202010,4,S000383,청양(서천),2,020_편의점,1100014605,김밥
202010,5,S000383,청양(서천),2,020_편의점,1200030219,바나나맛우유
202010,1,S000384,청양(공주),5,030-편의점2,1100024371,착한라면
202010,2,S000384,청양(공주),5,030-편의점2,1100010237,에스프레소 아메리카노 
202010,3,S000384,청양(공주),5,030-편의점2,1200015978,백산수 백산수
202010,4,S000384,청양(공주),2,020_편의점,1200034435,GET핸드드립원두커피원컵
202010,5,S000384,청양(공주),2,020_편의점,1200001527,바리스타 에스프레소라떼
202010,1,S000386,상주(영덕),1,010_편의점,1100014058,즉석라면
202010,2,S000386,상주(영덕),1,010_편의점,1100010265,에스페레소 
202010,3,S000386,상주(영덕),1,010_편의점,1200012242,에쎄체인지1mg
202010,4,S000386,상주(영덕),1,010_편의점,1200037751,청춘오징어
202010,5,S000386,상주(영덕),1,010_편의점,1200022986,기타잡화상품 프라우레몬
202010,1,S000390,춘향(전주),13,탐앤탐스,1100011159,아이스아메리카노
202010,2,S000390,춘향(전주),13,탐앤탐스,1100007658,아메리카노
202010,3,S000390,춘향(전주),1,010_편의점,1200002643,월드콘XQ 오리지널
202010,4,S000390,춘향(전주),12,커피자판기,1100005416,동서코코아(자판기용) 
202010,5,S000390,춘향(전주),1,010_편의점,1200006021,제주삼다수 제주삼다수
202010,1,S000391,춘향(순천),13,탐앤탐스,1100007658,아메리카노
202010,2,S000391,춘향(순천),12,커피자판기,1100005416,동서코코아(자판기용) 
202010,3,S000391,춘향(순천),13,탐앤탐스,1100011159,아이스아메리카노
202010,4,S000391,춘향(순천),1,010_편의점,1200002643,월드콘XQ 오리지널
202010,5,S000391,춘향(순천),1,010_편의점,1200039929,(주)디핀다트바나나스프릿
202010,1,S000413,금왕(평택),48,217_브라더꽈배기,1100016349,브라더찹쌀(5000원)
202010,2,S000413,금왕(평택),48,217_브라더꽈배기,1100016350,브라더꽈배기(9개)
202010,3,S000413,금왕(평택),46,213_엔젤리너스,1100019660,엔젤)아메리카노(I)
202010,4,S000413,금왕(평택),37,214_엔조잇,1100026927,소떡소떡
202010,5,S000413,금왕(평택),46,213_엔젤리너스,1100019637,엔젤)아메리카노(H)
202010,1,S000414,금왕(제천),46,150_브라더꽈배기,1100016350,브라더찹쌀(10000)
202010,2,S000414,금왕(제천),46,150_브라더꽈배기,1100016349,브라더꽈배기(5000)
202010,3,S000414,금왕(제천),49,131_엔제리너스,1100019637,엔젤)아메리카노(H)
202010,4,S000414,금왕(제천),23,210_델리쉐프,1100026927,소떡소떡
202010,5,S000414,금왕(제천),11,100_한식,1100000202,말죽거리소고기국밥
202010,1,S000415,옥천(부산),66,놀부부대찌개,1100024200,놀부부대찌개
202010,2,S000415,옥천(부산),56,할리스커피,1100021621,아이스아메리카노 [할]ICE아메리카노[빨]
202010,3,S000415,옥천(부산),56,할리스커피,1100017876,카페아메리카노 
202010,4,S000415,옥천(부산),66,놀부부대찌개,1100027367,숯불고기비빔밥(한식)
202010,5,S000415,옥천(부산),66,놀부부대찌개,1100023770,제육정식(전) 
202010,1,S000416,원주(춘천),44,할리스커피,1100017876,카페아메리카노[할리스] 
202010,2,S000416,원주(춘천),44,할리스커피,1100017900,(ICE)아메리카노[할리스] 
202010,3,S000416,원주(춘천),8,가판매장,1100026712,소떡소떡(신)
202010,4,S000416,원주(춘천),8,가판매장,1100026704,웨스턴핫바(신)
202010,5,S000416,원주(춘천),8,가판매장,1100026698,케이크소세지
202010,1,S000417,원주(부산),38,할리스커피,1100021621,(ICE)아메리카노[할리스]
202010,2,S000417,원주(부산),38,할리스커피,1100017876,카페아메리카노[할리스] 
202010,3,S000417,원주(부산),7,가판대,1100026712,소떡소떡(신)
202010,4,S000417,원주(부산),2,한식당,1100026336,한우소고기국밥
202010,5,S000417,원주(부산),7,가판대,1100026704,웨스턴핫바(신)
202010,1,S000418,경산(서울),35,할리스,1100017900,아이스아메리카노(할리스) 
202010,2,S000418,경산(서울),37,스팍스,1300000299,의류(전문매장)
202010,3,S000418,경산(서울),35,할리스,1100017876,카페아메리카노(할리스) 
202010,4,S000418,경산(서울),37,스팍스,1300009372,의류(전문매장) FILA
202010,5,S000418,경산(서울),58,식당가KIOSK,1100033953,두촌)돼지갈비정식
202010,1,S000419,보성녹차(영암),45,커피(할리스),1100017900,[할]ICE아메리카노[빨]
202010,2,S000419,보성녹차(영암),45,커피(할리스),1100017876,[할]HOT아메리카노[빨]
202010,3,S000419,보성녹차(영암),3,한식당,1100027344,청매실꼬막비빔밥 보성꼬막비빔밥
202010,4,S000419,보성녹차(영암),40,청년창업(미스터톡톡),4700000152,마지막약속핫도그(청년창업)
202010,5,S000419,보성녹차(영암),3,한식당,1100033340,순두부찌개(7500)(표준레시피)
202010,1,S000420,보성녹차(순천),57,할리스,1100017900,[할]ICE아메리카노[빨]
202010,2,S000420,보성녹차(순천),19,한식당,1100027344,보성꼬막비빔밥
202010,3,S000420,보성녹차(순천),57,할리스,1100017876,[할]HOT아메리카노[빨]
202010,4,S000420,보성녹차(순천),46,미스터톡톡,1100027918,순희치즈핫도그 마지막약속핫도그(톡톡)
202010,5,S000420,보성녹차(순천),19,한식당,1100033340,순두부찌개(7500)(표준레시피)
202010,1,S000421,영암(목포),10,웹자판기,1100005300,자판기커피(모카골드믹스외1종) 
202010,2,S000421,영암(목포),1,01_편의점,1200012570,월드콘 XQ월드콘
202010,3,S000421,영암(목포),6,아비카커피,1100011410,오늘의커피(2800) 오늘의커피
202010,4,S000421,영암(목포),1,01_편의점,1200035641,콘트라베이스
202010,5,S000421,영암(목포),1,01_편의점,1200021116,4500담배 에쎄순0.1
202010,1,S000422,영암(광양),12,웹자판기,1100005300,자판기커피(모카골드믹스외1종)
202010,2,S000422,영암(광양),1,01_편의점,1200021124,4500담배 에쎄체인지1mg
202010,3,S000422,영암(광양),9,아비카커피,1100011410,오늘의커피(2800) 오늘의커피
202010,4,S000422,영암(광양),1,01_편의점,1100003457,새아침핫바 
202010,5,S000422,영암(광양),1,01_편의점,1200028610,스타벅스 프라프치노 커피 외1종 
202010,1,S000426,행담도,75,의류행사,1300002090,의류(50000) 
202010,2,S000426,행담도,28,호두과자(1),1100012250,가판하)즉석호두과자
202010,3,S000426,행담도,75,의류행사,1300002037,의류(10000) 의류(10000)
202010,4,S000426,행담도,91,가판상행,1100026632,가판상)맥반석오징어
202010,5,S000426,행담도,35,중앙가판,1100026924,가판중)부산오뎅
202010,1,S000432,완주(익산),5,자판기,1100005304,자판커피(모카골드마일드) 
202010,2,S000432,완주(익산),1,편의점,1200002883,조지아에메랄드마운틴 아이스블랙
202010,3,S000432,완주(익산),1,편의점,1200039487,구운계란
202010,4,S000432,완주(익산),1,편의점,1200002882,조지아에메랄드마운틴 클래식 라떼
202010,5,S000432,완주(익산),1,편의점,1200000367,꼬마장사 
202010,1,S000433,관촌(광양),5,자판기,1100005298,자판커피(카푸치노외3) 
202010,2,S000433,관촌(광양),1,편의점,1200036099,칸타타콘트라베이스라떼
202010,3,S000433,관촌(광양),1,편의점,1200003174,칸타타프리미엄275
202010,4,S000433,관촌(광양),1,편의점,1200041113,조지아크래프트카페라떼
202010,5,S000433,관촌(광양),1,편의점,1200030843,단호박범벅(뻥튀기)
202010,1,S000434,관촌(전주),1,편의점,1200036038,롯데칸타타프리미엄블렌드캔
202010,2,S000434,관촌(전주),1,편의점,1200002643,월드콘XQ오리지널
202010,3,S000434,관촌(전주),5,자판기,1100005298,자판커피(카푸치노외3) 
202010,4,S000434,관촌(전주),1,편의점,1200000272,국화빵수
202010,5,S000434,관촌(전주),1,편의점,1200039929,(주)디핀다트바나나스프릿
202010,1,S000435,완주(장수),5,자판기,1100005300,자판기커피(모카골드믹스외1종) 
202010,2,S000435,완주(장수),1,편의점,1200003174,칸타타 프리미엄블랜드
202010,3,S000435,완주(장수),1,편의점,1200001320,TOP275(스윗마스터)
202010,4,S000435,완주(장수),1,편의점,1200035641,콘트라베이스
202010,5,S000435,완주(장수),1,편의점,1200029835,맥심TOP스위트아메리카노
202010,1,S000442,강천산(대구),18,리던커피,1100010901,아메리카노(HOT) 아메리카노(HOT)
202010,2,S000442,강천산(대구),18,리던커피,1100010902,아메리카노(ICE) 아메리카노(ICE)
202010,3,S000442,강천산(대구),3,한식,1100017964,솥뚜껑 비빔밥 
202010,4,S000442,강천산(대구),12,로띠번,1100017239,로띠번
202010,5,S000442,강천산(대구),16,열린매장,1100020778,소떡소떡 
202010,1,S000443,천등산(제천),18,파스쿠치,1100010360,아메리카노L
202010,2,S000443,천등산(제천),3,한식,1100000252,사골우거지국밥 
202010,3,S000443,천등산(제천),18,파스쿠치,1100010374,아이스아메리카노R
202010,4,S000443,천등산(제천),3,한식,1100023412,제육돌솥비빔밥 
202010,5,S000443,천등산(제천),10,허니박스,1100009819,야채크레페(소시지)
202010,1,S000444,천등산(평택),21,파스쿠치,1100014630,ICE-얼그레이
202010,2,S000444,천등산(평택),21,파스쿠치,1100005418,ICE 코코아
202010,3,S000444,천등산(평택),3,한식,1100023412,제육돌솥비빔밥 제육돌솥비빔밥
202010,4,S000444,천등산(평택),10,허니박스,1100026712,소떡소떡(신)
202010,5,S000444,천등산(평택),21,파스쿠치,1100024537,아이스녹차(커피니)
202010,1,S000454,충주(창원),73,의류매장(신선),1300000832,의류(전문매장)
202010,2,S000454,충주(창원),73,의류매장(신선),1300007584,의류(전문매장)
202010,3,S000454,충주(창원),73,의류매장(신선),1300007637,벤제프골프의류 10000
202010,4,S000454,충주(창원),1,한식당,1100023738,해물순두부 해물순두부
202010,5,S000454,충주(창원),1,한식당,1100026913,경산소고기국밥
202010,1,S000455,주암(천안),30,탐앤탐스,1100023951,(탐)아이스카페아메리카노4.1
202010,2,S000455,주암(천안),30,탐앤탐스,1100023941,(탐)카페아메리카노4.1
202010,3,S000455,주암(천안),10,열린매장,1100026712,(열린)소떡소떡3.5
202010,4,S000455,주암(천안),4,한식당,1100031059,(한식)김치돼지찌개8.5
202010,5,S000455,주암(천안),10,열린매장,1100028386,(열린)케네디소세지3.5
202010,1,S000456,주암(순천),30,탐앤탐스,1100023941,(탐)카페아메리카노4.1
202010,2,S000456,주암(순천),30,탐앤탐스,1100023951,(탐)아이스카페아메리카노4.1
202010,3,S000456,주암(순천),10,가판(토스트),1100026712,(열린)소떡소떡3.5
202010,4,S000456,주암(순천),10,가판(토스트),1100026704,(열린)웨스턴핫바3.5
202010,5,S000456,주암(순천),4,한식,1100021684,(한식)버섯뚝배기불고기8.0
202010,1,S000457,순천(순천),25,핫,1100012149,아메리카노 
202010,2,S000457,순천(순천),22,우동,1100019838,꼬치어묵우동(5500)
202010,3,S000457,순천(순천),24,아이스,1100018071,ice아메리카노 
202010,4,S000457,순천(순천),2,한식당,1100022097,육개장7500(중원)
202010,5,S000457,순천(순천),2,한식당,1100016430,갈비탕(중원) 
202010,1,S000458,횡성(강릉),117,②횡성반상,1100024643,횡성한우국밥[9500]①
202010,2,S000458,횡성(강릉),116,①횡성한우떡더덕스테이크,1100014293,신)횡성한우더덕스테이크[15000
202010,3,S000458,횡성(강릉),90,탐엔탐스-외부,1100023881,카페아메리카노[4100]탐탐
202010,4,S000458,횡성(강릉),48,의류매장-도이터,1300000815,100000원의류-디케이[100000]
202010,5,S000458,횡성(강릉),48,의류매장-도이터,1300007568,10000원의류-디케이[10000]
202010,1,S000459,평창(강릉),114,강정류(중앙팝업),1200038365,강정류(10000) - 미림농산
202010,2,S000459,평창(강릉),68,직영가판-핫바,1100026712,직영핫)소떡소떡(3500)
202010,3,S000459,평창(강릉),61,평창반상,1100033486,소고기국밥(표준레시피)
202010,4,S000459,평창(강릉),93,직영-탐앤탐스,1100023881,4100아메리카노 - 탐탐
202010,5,S000459,평창(강릉),67,직영가판-호두,1100006245,직영)호두과자5000
202010,1,S000460,구정(삼척),3,한식당우동라면,1100012230,통등심돈가스_CJ
202010,2,S000460,구정(삼척),20,탐앤탐스,1100023881,아메리카노 - 탐탐(4100) 
202010,3,S000460,구정(삼척),20,탐앤탐스,1100023859,ICE아메리카노 - 탐탐(4100)
202010,4,S000460,구정(삼척),3,한식당우동라면,1100025251,신계란떡라면_CJ
202010,5,S000460,구정(삼척),3,한식당우동라면,1100024628,육개장-CJ
202010,1,S000461,평창(인천),21,외부패션행사,1300012746,의류(129000) 네파행사(10000)
202010,2,S000461,평창(인천),4,천안명물호두과자,1100006292,통호두호두과자 통호두호두과자
202010,3,S000461,평창(인천),21,외부패션행사,1300012770,의류(129000) 네파(100000)
202010,4,S000461,평창(인천),15,건어물,1200008950,농특산물 과일10000
202010,5,S000461,평창(인천),11,한식,1100024917,서동한우국밥 서동한우국밥
202010,1,S000472,충주(양평),3,한식돈가스,1100027000,얼큰새뱅이해물순두부
202010,2,S000472,충주(양평),3,한식돈가스,1100033414,사과돈가스(표준)
202010,3,S000472,충주(양평),48,탐앤탐스,1100023859,ICE아메리카노
202010,4,S000472,충주(양평),3,한식돈가스,1100033395,소고기국밥(표준)
202010,5,S000472,충주(양평),48,탐앤탐스,1100023881,H아메리카노
202010,1,S000477,강천산(광주),14,리던,1100014650,아이스아메리카노 아이스아메리카노
202010,2,S000477,강천산(광주),6,한식,1100033443,차돌박이된장찌게(표준레시비)
202010,3,S000477,강천산(광주),6,한식,1100017964,순창고추장돌솥비빔밥
202010,4,S000477,강천산(광주),14,리던,1100010844,아메리카노커피 아메리카노커피
202010,5,S000477,강천산(광주),10,로띠번,1100017239,로띠번
202010,1,S000478,남원(대구),1,편의점,1100014145,아메리카노 아메리카노
202010,2,S000478,남원(대구),1,편의점,1200025806,월드콘
202010,3,S000478,남원(대구),1,편의점,1100011539,자판기라면 
202010,4,S000478,남원(대구),1,편의점,1200003174,칸타타프리미엄라떼
202010,5,S000478,남원(대구),1,편의점,1200034762,땅콩대롱 오리온오징어땅콩L
202010,1,S000479,남원(광주),1,편의점,1100014145,아메리카노 아메리카노
202010,2,S000479,남원(광주),1,편의점,1200025806,월드콘
202010,3,S000479,남원(광주),1,편의점,1100011539,자판기라면 
202010,4,S000479,남원(광주),1,편의점,1200000367,꼬마장사
202010,5,S000479,남원(광주),1,편의점,1200003150,카페베네컵카페모카/라떼
202010,1,S000480,외동(포항),6,할리스,1100017876,HOT카페아메리카노
202010,2,S000480,외동(포항),6,할리스,1100017900,ICE카페아메리카노
202010,3,S000480,외동(포항),9,가판대,1100026712,소떡소떡(신)
202010,4,S000480,외동(포항),9,가판대,1100029577,프리미엄우리밀핫도그
202010,5,S000480,외동(포항),3,한식,1100033410,흑돼지김치찌개(표준레시피)
202010,1,S000482,강릉(인천),26,027_탐앤탐스,1100023859,I아메
202010,2,S000482,강릉(인천),26,027_탐앤탐스,1100023881,H아메 
202010,3,S000482,강릉(인천),41,할리스전문점,1100017900,할I아메
202010,4,S000482,강릉(인천),30,코바코돈가스,1100027802,김치제육덮밥
202010,5,S000482,강릉(인천),12,030_호도과자오징어,1100006235,호도과자(5000)
202010,1,S000483,강릉(강릉),41,엔제리너스,1100029823,아메리카노(H)S
202010,2,S000483,강릉(강릉),5,102_한식당,1100027934,소고기국밥
202010,3,S000483,강릉(강릉),5,102_한식당,1100029552,초당두부황태해장국
202010,4,S000483,강릉(강릉),14,110_핫바디핀다트,1100026927,소떡소떡
202010,5,S000483,강릉(강릉),5,102_한식당,1100027933,해물순두부찌개
202010,1,S000484,양양(동해),1,010_편의점,1200003174,칸타타
202010,2,S000484,양양(동해),1,010_편의점,1200035447,티오피 더 블랙 380ml
202010,3,S000484,양양(동해),1,010_편의점,1200036037,롯데칸타타스위트블랙캔
202010,4,S000484,양양(동해),1,010_편의점,1200037395,제주삼다수
202010,5,S000484,양양(동해),1,010_편의점,1200036040,맥심T.O.P. 마스터블랜드
202010,1,S000485,양양(속초),1,030_편의점,1200037395,제주삼다수
202010,2,S000485,양양(속초),1,030_편의점,1200035132,칸타타콘트라베이스
202010,3,S000485,양양(속초),1,030_편의점,1200036034,칸타타콘트라베이스라떼
202010,4,S000485,양양(속초),1,030_편의점,1200036038,롯데칸타타프리미엄블렌드캔
202010,5,S000485,양양(속초),1,030_편의점,1200036041,맥심 티.오.피 더블랙 
202010,1,S000486,영천(포항),34,(신)열린매장(직영),1100026712,소떡소떡(신)
202010,2,S000486,영천(포항),36,(신)한식,1100023739,된장찌개 된장찌개
202010,3,S000486,영천(포항),42,(신)탐앤탐스(직영),1100023881,카페아메리카노 
202010,4,S000486,영천(포항),34,(신)열린매장(직영),1100028386,케네디소세지
202010,5,S000486,영천(포항),40,(신)라면/우동,1100004197,떡만두라면정식 
202010,1,S000487,영천(대구),45,(신)탐앤탐스(외주),1100023859,아이스카페아메리카노 
202010,2,S000487,영천(대구),45,(신)탐앤탐스(외주),1100023881,카페아메리카노 
202010,3,S000487,영천(대구),51,(신)열린매장(외주),1100026712,소떡소떡(신)
202010,4,S000487,영천(대구),40,(신)한식(직영),1100017861,제육덮밥정식
202010,5,S000487,영천(대구),40,(신)한식(직영),1100021889,코바코 수제등심돈가스
202010,1,S000489,옥계(속초),39,드롭탑(커피),1100025986,아이스아메리카노(카페베네)
202010,2,S000489,옥계(속초),39,드롭탑(커피),1100019770,아메리카노(H)
202010,3,S000489,옥계(속초),29,06_델리쉐프,1100026927,소떡소떡
202010,4,S000489,옥계(속초),10,07_한식당,1100021835,버섯제육덮밥 
202010,5,S000489,옥계(속초),29,06_델리쉐프,1100033546,우리밀천안호두과자5000
202010,1,S000490,구리(일산),15,드롭탑,1100026110,레몬티/드롭탑
202010,2,S000490,구리(일산),15,드롭탑,1100026093,아메리카노/드롭탑
202010,3,S000490,구리(일산),22,델리쉐프,1100026927,소떡소떡
202010,4,S000490,구리(일산),34,만쥬리아,1100018963,만쥬리아
202010,5,S000490,구리(일산),22,델리쉐프,1100026932,옛날핫도그
202010,1,S000499,논공(옥포),25,드롭탑,1100026093,아메리카노/드롭탑
202010,2,S000499,논공(옥포),2,한식,1100022081,육개장
202010,3,S000499,논공(옥포),31,원푸드 치즈,1100033007,치즈스틱
202010,4,S000499,논공(옥포),12,양식,1100025864,수제돈가스세트
202010,5,S000499,논공(옥포),36,머꼬또머꼬,1200042462,참미니꽈배기
202010,1,S000500,논공(고서),25,드롭탑,1100026093,아메리카노/드롭탑
202010,2,S000500,논공(고서),38,머꼬또머꼬3,1200042462,참미니꽈배기
202010,3,S000500,논공(고서),19,의류매장,1300000815,의류(전문매장)
202010,4,S000500,논공(고서),2,한식,1100022081,육개장
202010,5,S000500,논공(고서),31,원푸드 치즈,1100033007,치즈스틱
202010,1,S000523,백양사(순천),2,식당(일반),1100001221,제육돌솥비빔밥
202010,2,S000523,백양사(순천),2,식당(일반),1100033340,순두부찌개(7500)(표준레시피)
202010,3,S000523,백양사(순천),2,식당(일반),1100033365,김치찌개(7500)(표준레시피)
202010,4,S000523,백양사(순천),2,식당(일반),1100033344,삼채계절비빔밥7500(표준레시피)
202010,5,S000523,백양사(순천),12,의류매장,1300000815,의류(전문매장) 
202010,1,S000524,오창(남이),2,식당(한식),1100033338,해물순두부찌개(8000)(표준)
202010,2,S000524,오창(남이),27,할리스,1100017900,아이스아메리카노
202010,3,S000524,오창(남이),2,식당(한식),1100033362,돼지고기김치찌개(8000)(표준)
202010,4,S000524,오창(남이),27,할리스,1100017876,카페아메리카노
202010,5,S000524,오창(남이),25,외부매장(임시),1100010821,와플&커피
202010,1,S000529,의성(청주),5,커피(엔젤),1100029820,아메리카노(I)S
202010,2,S000529,의성(청주),5,커피(엔젤),1100029823,아메리카노(H)S
202010,3,S000529,의성(청주),2,식당(밥이당),1100007502,돈까스
202010,4,S000529,의성(청주),7,외부매장(와작),1100026712,소떡소떡(신)
202010,5,S000529,의성(청주),2,식당(밥이당),1100030575,소고기육개장.
202010,1,S000530,의성(영덕),5,커피(엔젤),1100029823,아메리카노(H)S
202010,2,S000530,의성(영덕),5,커피(엔젤),1100029820,아메리카노(I)S
202010,3,S000530,의성(영덕),7,외부매장(와작),1100026712,소떡소떡(신)
202010,4,S000530,의성(영덕),2,식당(밥이랑),1100007502,돈까스
202010,5,S000530,의성(영덕),2,식당(밥이랑),1100030575,소고기육개장.
202010,1,S000535,청송(청주),1,편의점,1200021005,졸음NO껌 
202010,2,S000535,청송(청주),9,달콤커피,1100023474,아메리카노 ICE 
202010,3,S000535,청송(청주),2,한식,1200007485,특판사과(10000)
202010,4,S000535,청송(청주),16,크리스피크림,1100022626,크리스피아메리카노ICE 
202010,5,S000535,청송(청주),6,호두과자,1100026927,소떡소떡
202010,1,S000536,청송(영덕),18,크리스피크림,1100022625,크리스피아메리카노HOT 
202010,2,S000536,청송(영덕),6,호두과자,1100026927,소떡소떡
202010,3,S000536,청송(영덕),2,한식,1200024056,과일(10000)
202010,4,S000536,청송(영덕),18,크리스피크림,1100026631,크리스피더블초코 신크리스피오리지널
202010,5,S000536,청송(영덕),2,한식,1100023648,왕돈가스
202010,1,S000540,홍천(서울),11,250_호두과자,1100006297,호두과자5000
202010,2,S000540,홍천(서울),26,엔제리너스1,1100020535,시즌아메리카노(ICE)
202010,3,S000540,홍천(서울),15,오잉오잉,1100020778,소떡소떡-[3500]오잉
202010,4,S000540,홍천(서울),7,210_탐앤탐스,1100023859,아이스아메리카노
202010,5,S000540,홍천(서울),26,엔제리너스1,1100020536,시즌아메리카노(HOT)
202010,1,S000541,홍천(양양),25,할리스,1100019637,아메리카노(H)
202010,2,S000541,홍천(양양),9,230_뽀끼뽀끼 ,1100020778,소떡소떡
202010,3,S000541,홍천(양양),25,할리스,1100019660,아메리카노(I)
202010,4,S000541,홍천(양양),15,호두과자,1100006297,즉석호두과자
202010,5,S000541,홍천(양양),15,호두과자,1100006296,즉석호두과자
202010,1,S000542,내린천,9,바른김밥김선생,1100017661,바른김밥(바)
202010,2,S000542,내린천,5,내린천한식,1100000258,흑돼지김치제육덮밥(한)
202010,3,S000542,내린천,5,내린천한식,1100000291,시래기국밥(한)
202010,4,S000542,내린천,15,탐앤탐스_4F,1100017900,(탐)I.아메리카노
202010,5,S000542,내린천,31,의류매장(엘르),1300008596,E.의류(100000)
202010,1,S000553,시흥하늘,38,213_파리바게트,1100001089,완제음료
202010,2,S000553,시흥하늘,102,찹쌀닭강정,1100009855,닭강정_10000
202010,3,S000553,시흥하늘,130,신서방왕만두,1100031801,만두(8개)
202010,4,S000553,시흥하늘,39,214_던킨도너츠,1100006066,도너츠 3000
202010,5,S000553,시흥하늘,21,212_CU슈퍼,1200006294,야채청과(10000원)_마트
202010,1,S000554,속리산(청주),30,시루봉(한식),1100024627,짜글짜글김치찌개
202010,2,S000554,속리산(청주),38,열린매장(핫바),1100020778,소떡소떡
202010,3,S000554,속리산(청주),24,탐엔탐스 커피,1100023881,카페아메리카노
202010,4,S000554,속리산(청주),30,시루봉(한식),1100021683,돌솥버섯불고기비빔밥
202010,5,S000554,속리산(청주),3,식사류전문매장,1100022136,흑돼지돈가스9000
202010,1,S000555,상주(청원),3,커피자판기,1100005304,자판커피(500)
202010,2,S000555,상주(청원),1,편의점,1200029728,오쉐프셀프라면
202010,3,S000555,상주(청원),1,편의점,1100014350,원두커피
202010,4,S000555,상주(청원),1,편의점,1200033615,완듀완듀빵
202010,5,S000555,상주(청원),1,편의점,1200017572,과일 봉지곶감
202010,1,S000556,여산(천안),43,(03)호두과자_신,1100012250,호두과자_(5000)
202010,2,S000556,여산(천안),11,011_로띠번매장,1100031673,I아메리카노(로띠)
202010,3,S000556,여산(천안),18,018_엔제리너스,1100019660,아메리카노(I)
202010,4,S000556,여산(천안),11,011_로띠번매장,1100026458,로띠번
202010,5,S000556,여산(천안),47,한남상사 직영 한식,1100026359,전주비빔밥
202010,1,S000557,여산(순천),46,(03)호두과자_신,1100012250,호두과자_(5000)
202010,2,S000557,여산(순천),22,024-드롭탑,1100026115,아이스아메리카노
202010,3,S000557,여산(순천),56,커피(온전히),1100011129,아메리카노
202010,4,S000557,여산(순천),22,024-드롭탑,1100026114,아메리카노
202010,5,S000557,여산(순천),50,한남상사 직영 한식,1100030570,돼지고기김치찌개
202010,1,S000574,성주(양평),5,050_별고을,1100007514,조기구이정식
202010,2,S000574,성주(양평),5,050_별고을,1100021854,얼큰돼지김치찌개
202010,3,S000574,성주(양평),5,050_별고을,1100032983,속풀이동태매운탕
202010,4,S000574,성주(양평),5,050_별고을,1100000704,콩나물국밥
202010,5,S000574,성주(양평),13,140_딜라이트,1100025821,HOT아메리카노(M)
202010,1,S000575,성주(창원),5,050_별고을,1100017861,제육덮밥정식
202010,2,S000575,성주(창원),5,050_별고을,1100031388,돈육김치찌개
202010,3,S000575,성주(창원),5,050_별고을,1100001798,우렁된장찌개
202010,4,S000575,성주(창원),5,050_별고을,1100001160,완산골 떡갈비정식
202010,5,S000575,성주(창원),8,080_라면,1100013640,떡만두라면정식
202010,1,S000581,매송(서울),17,외부매장(호두과자),1100027399,백년)호두과자10000
202010,2,S000581,매송(서울),17,외부매장(호두과자),1100027398,백년)호두과자6000
202010,3,S000581,매송(서울),17,외부매장(호두과자),1100027397,백년)호두과자3000
202010,4,S000581,매송(서울),12,외부매장(어묵핫바),1100026839,모둠꼬치
202010,5,S000581,매송(서울),10,커피(할리스),1100017900,아이스아메리카노
202010,1,S000582,매송(목포),12,외부매장(호두과자),1100027397,백년)호두과자3000
202010,2,S000582,매송(목포),12,외부매장(호두과자),1100027398,백년)호두과자6000
202010,3,S000582,매송(목포),12,외부매장(호두과자),1100027399,백년)호두과자10000
202010,4,S000582,매송(목포),7,푸드(양갑조국밥),1100027620,양갑조)소고기국밥
202010,5,S000582,매송(목포),13,외부매장(마성떡볶이),1100027412,마성)마성떡볶이
202010,1,S000585,현풍(대구),3,풍경마루,1100000637,진영단감왕갈비찜
202010,2,S000585,현풍(대구),14,탐앤탐스,1100023859,ice아메리카노[탐]
202010,3,S000585,현풍(대구),14,탐앤탐스,1100023881,아메리카노[탐]
202010,4,S000585,현풍(대구),3,풍경마루,1100030893,충청도식돼지짜글이비빔밥
202010,5,S000585,현풍(대구),3,풍경마루,1100024042,해물순두부찌개
202010,1,S000586,현풍(창원),3,풍경마루,1100027620,양갑조)소고기국밥
202010,2,S000586,현풍(창원),14,탐앤탐스,1100024337,G(ice)아메[탐]
202010,3,S000586,현풍(창원),14,탐앤탐스,1100023881,아메리카노[탐]
202010,4,S000586,현풍(창원),14,탐앤탐스,1100023859,ice아메리카노[탐]
202010,5,S000586,현풍(창원),38,스쿨펜(직영),1100029065,웨스턴핫바(참조은)
202010,1,S000587,외동(부산),6,050_할리스,1100017900,ICE카페아메리카노
202010,2,S000587,외동(부산),6,050_할리스,1100017876,HOT카페아메리카노
202010,3,S000587,외동(부산),43,08_스넥[직영],1100027284,소떡소떡(신)
202010,4,S000587,외동(부산),41,081_호도과자[직영],1100028028,호두과자5000
202010,5,S000587,외동(부산),2,020_풍경마루,1100033410,흑돼지김치찌개(표준레시피)
202010,1,S000589,함양(대전),44,303커피(곶감매장),1100025987,H아메리카노(카페베네)
202010,2,S000589,함양(대전),44,303커피(곶감매장),1100019770,아메리카노(H)
202010,3,S000589,함양(대전),3,한식당/우동/옥연,1100030886,소고기국밥
202010,4,S000589,함양(대전),7,즉석1,1100026712,소떡소떡꼬치(3500)
202010,5,S000589,함양(대전),26,의류매장,1300000816,의류(100000)
202010,1,S000590,청주(서울),40,014_한식,1100017520,장터국밥
202010,2,S000590,청주(서울),50,035_호두과자,1100028078,호두과자(하)5000
202010,3,S000590,청주(서울),62,018_나주곰탕,1100016817,제육정식
202010,4,S000590,청주(서울),40,014_한식,1100028987,김치찌개
202010,5,S000590,청주(서울),41,015_양식,1100019292,돼지돈가스[8000]
202010,1,S000591,진안마이산(익산),17,커피블로썸,1100023734,아메리카노(H)
202010,2,S000591,진안마이산(익산),17,커피블로썸,1100023735,아메리카노(I)
202010,3,S000591,진안마이산(익산),3,100_한식당,1100031443,(신)흑돼지제육덮밥
202010,4,S000591,진안마이산(익산),3,100_한식당,1100023738,해물순두부찌개
202010,5,S000591,진안마이산(익산),3,100_한식당,1100033488,차돌된장찌개(표준레시피)케이알
202010,1,S000592,예산(당진),2,식당(일반),1100031291,애플수제등심돈가스
202010,2,S000592,예산(당진),26,할리스,1100017900,아이스아메리카노
202010,3,S000592,예산(당진),26,할리스,1100017876,카페아메리카노
202010,4,S000592,예산(당진),28,의류매장01,1300000312,의류10000
202010,5,S000592,예산(당진),2,식당(일반),1100033338,순두부찌개(8000)(표준레시피)
202010,1,S000600,경주(부산),48,경주빵찰보리빵,1100006093,찰보리빵 16000
202010,2,S000600,경주(부산),48,경주빵찰보리빵,1100006092,찰보리/경주빵SET
202010,3,S000600,경주(부산),48,경주빵찰보리빵,1100006094,경주빵 16000
202010,4,S000600,경주(부산),109,KR한식,1100024628,한식/돼지고기김치찌개 8500
202010,5,S000600,경주(부산),109,KR한식,1100019099,한식/속 시원한 동태탕 8500
202010,1,S000602,함양(통영),23,의류매장,1300000816,의류(100000)
202010,2,S000602,함양(통영),41,303커피,1100019637,아메리카노(H)
202010,3,S000602,함양(통영),41,303커피,1100019660,아메리카노(I)
202010,4,S000602,함양(통영),3,한식,1100030886,소고기국밥
202010,5,S000602,함양(통영),23,의류매장,1300000298,용품(10000)
202010,1,S000607,동명(부산),42,호두코너,1100026712,소떡소떡(신)
202010,2,S000607,동명(부산),42,호두코너,1100026709,수제어묵바(신)
202010,3,S000607,동명(부산),51,엔젤리너스,1100020535,시즌아메리카노(ICE)
202010,4,S000607,동명(부산),52,망고식스,1100022727,아메리카노(ICE) 
202010,5,S000607,동명(부산),38,양식전문점,1100024363,짬뽕돈가스덮밥
202010,1,S000608,동명(춘천),46,의류매장,1300000103,의류(전문매장) 팜스프링(1000)
202010,2,S000608,동명(춘천),9,호도핫바,1100026712,소떡소떡(신)
202010,3,S000608,동명(춘천),64,망고식스,1100022764,아메리카노(HOT) 
202010,4,S000608,동명(춘천),63,엔제리너스,1100020535,시즌아메리카노(ICE)
202010,5,S000608,동명(춘천),2,한식당,1100007502,돈까스
202010,1,S000609,홍성(서울),110,홍성반상(직),1100020388,한식)홍성한우국밥[9000]
202010,2,S000609,홍성(서울),73,커피전문점[탐앤탐스],1100023859,아이스카페아메리카노.[4100]-탐앤탐스
202010,3,S000609,홍성(서울),100,(직)호두과자,1100006261,호도과자[5000]피스
202010,4,S000609,홍성(서울),73,커피전문점[탐앤탐스],1100023881,카페아메리카노.[4100]-탐앤탐스
202010,5,S000609,홍성(서울),102,(직)통감자,1100003965,소떡소떡[3500]감자
202010,1,S000610,홍성(목포),113,홍성반상,1100000274,한식)홍성한우국밥[9000]
202010,2,S000610,홍성(목포),122,호두N,1100006261,호도)호도과자[5000]신명
202010,3,S000610,홍성(목포),125,핫도그N,1100003965,핫도그)소떡소떡[3500]
202010,4,S000610,홍성(목포),125,핫도그N,1100026937,핫도그)해물바2종[3500]
202010,5,S000610,홍성(목포),62,탐앤탐스,1100023881,카페아메리카노.[4100]-탐앤탐스 
202010,1,S000611,서천(목포),7,커피(할리스),1100017900,[할]ICE아메리카노[빨]
202010,2,S000611,서천(목포),22,외부매장(고수록떡)사회적,9600000126,모시떡(사회적기업)
202010,3,S000611,서천(목포),7,커피(할리스),1100017876,[할]HOT아메리카노[빨]
202010,4,S000611,서천(목포),6,외부매장(호두과자),1100006235,호두과자(5000)
202010,5,S000611,서천(목포),6,외부매장(호두과자),1100006220,호두과자(3000)
202010,1,S000612,서천(서울),10,호두과자,1100006235,호두과자(5000)
202010,2,S000612,서천(서울),11,탐앤탐스,1100017876,[할]HOT아메리카노[빨]
202010,3,S000612,서천(서울),11,탐앤탐스,1100023881,카페아메리카노 카페아메리카노
202010,4,S000612,서천(서울),9,스낵,1100026712,소떡소떡(3500)
202010,5,S000612,서천(서울),11,탐앤탐스,1100024337,아메리카노Grande(ice) 아메리카노Grande(ice)
202010,1,S000613,함안(부산),18,탐앤탐스,1100023859,아이스카페아메리카노
202010,2,S000613,함안(부산),18,탐앤탐스,1100023881,카페아메리카노
202010,3,S000613,함안(부산),19,호두과자,1100006235,호도과자(5000)
202010,4,S000613,함안(부산),15,엔제리너스,1100029820,아메리카노S(엔)ICE
202010,5,S000613,함안(부산),4,탕/비빔밥,1100000235,장터국밥
202010,1,S000614,함안(순천),22,탐앤탐스,1100023859,아이스카페아메리카노
202010,2,S000614,함안(순천),22,탐앤탐스,1100023881,카페아메리카노
202010,3,S000614,함안(순천),26,풍미당,1100029026,10000원세트(풍미당)
202010,4,S000614,함안(순천),4,탕/비빔밥,1100000235,장터국밥
202010,5,S000614,함안(순천),11,호두과자,1100006235,호도과자(5000)
202010,1,S000615,예산(대전),3,한식/양식,1100023648,왕돈가스
202010,2,S000615,예산(대전),11,로띠번,1100026458,(로)로띠번N
202010,3,S000615,예산(대전),10,탐앤탐스,1100017876,(탐)I아메리카노
202010,4,S000615,예산(대전),3,한식/양식,1100021835,5.제육덮밥
202010,5,S000615,예산(대전),6,가판,1100026712,(가판)소떡소떡
